rank,narrator,chains,in_degree,out_degree,betweenness,pagerank_source,pagerank_collector,community,unresolved
1,النبي,43,28,23,0.121008,0.0182460,0.0191418,0,0
2,سفيان,681,178,47,0.072083,0.0074126,0.0182600,4,0
3,شعبة,760,186,82,0.062028,0.0066840,0.0229003,5,0
4,عبد الله,457,70,62,0.057083,0.0083795,0.0067585,4,0
5,الزهري,598,139,45,0.052389,0.0094736,0.0129381,1,0
6,ابي هريرة,770,9,130,0.045983,0.0195099,0.0024530,7,0
7,ابن عباس,548,32,82,0.043135,0.0156097,0.0018472,2,0
8,ابن شهاب,625,145,34,0.042564,0.0070649,0.0155595,1,0
9,عايشة,641,26,83,0.037184,0.0153370,0.0037587,3,0
10,محمد,175,61,17,0.035301,0.0017017,0.0050257,0,0
11,ابراهيم,174,28,30,0.029244,0.0038290,0.0025424,4,0
12,انس بن مالك,342,28,86,0.028294,0.0079492,0.0016477,0,0
13,يحيي,384,79,42,0.027639,0.0025752,0.0084633,6,0
14,ابن عمر,381,20,59,0.024550,0.0096463,0.0055432,11,0
15,هشام,366,25,70,0.023223,0.0042276,0.0056939,3,0
16,الاعمش,323,49,41,0.023154,0.0046224,0.0074128,4,0
17,مالك,606,88,33,0.022534,0.0019098,0.0178721,8,0
18,ابن جريج,177,54,37,0.022481,0.0026337,0.0071764,2,0
19,انس,351,30,60,0.022439,0.0069449,0.0039338,0,0
20,الليث,407,36,34,0.020711,0.0020864,0.0082586,1,0
21,يحيي بن سعيد,144,63,33,0.019948,0.0011053,0.0034670,6,0
22,اسماعيل,269,33,37,0.019880,0.0014863,0.0060387,8,0
23,سليمان,125,50,30,0.019801,0.0020078,0.0022513,5,0
24,نافع,408,30,49,0.019696,0.0060528,0.0059435,11,0
25,علي,92,21,19,0.018034,0.0029022,0.0021902,4,0
26,عمرو,177,69,21,0.016471,0.0015746,0.0039040,4,0
27,اسحاق,122,48,11,0.016068,0.0007507,0.0047726,10,0
28,يونس,237,16,36,0.015944,0.0052581,0.0064340,1,0
29,عبد الله بن محمد,171,40,7,0.015219,0.0012590,0.0055335,3,0
30,مسدد,388,39,4,0.015080,0.0008296,0.0094525,6,0
31,ابا هريرة,198,3,80,0.015035,0.0063422,0.0015340,1,0
32,ابو نعيم,178,45,3,0.013122,0.0010751,0.0053000,4,0
33,ايوب,231,25,30,0.012585,0.0028367,0.0051450,0,0
34,الاوزاعي,60,19,22,0.012388,0.0018633,0.0022940,6,0
35,ابي سعيد,38,3,23,0.011845,0.0019562,0.0002106,7,0
36,علي بن عبد الله,255,50,3,0.011207,0.0013523,0.0070124,4,0
37,قتادة,270,41,32,0.011136,0.0044313,0.0037115,0,0
38,خالد,85,24,25,0.011017,0.0008883,0.0019728,0,0
39,عبيد الله,172,30,43,0.010890,0.0025057,0.0024577,11,0
40,عمر,42,6,19,0.010741,0.0071560,0.0004186,2,0
41,عروة,200,31,30,0.010358,0.0032721,0.0017555,3,0
42,الحسن,41,17,19,0.009569,0.0024406,0.0021515,0,0
43,سعيد بن جبير,130,9,46,0.009286,0.0035058,0.0006912,2,0
44,عطاء,99,19,22,0.009137,0.0018289,0.0031554,2,0
45,موسي بن اسماعيل,206,27,3,0.009105,0.0004828,0.0046706,9,0
46,عبد الله بن عمرو,48,4,26,0.008935,0.0019967,0.0033119,2,0
47,ابي سلمة,127,25,28,0.008887,0.0026776,0.0013772,7,0
48,الشعبي,73,24,40,0.008845,0.0025860,0.0015506,9,0
49,عبد الرحمن,43,17,20,0.008842,0.0011260,0.0009203,4,0
50,سعيد,78,19,32,0.008557,0.0019249,0.0019698,0,0
51,ابي اسحاق,129,25,18,0.008001,0.0027294,0.0027003,5,0
52,موسي,58,19,5,0.007949,0.0003272,0.0012437,9,0
53,ابن ابي مليكة,71,25,19,0.007888,0.0018587,0.0021638,2,0
54,موسي بن عقبة,79,19,32,0.007809,0.0016753,0.0014414,11,0
55,قتيبة,142,32,1,0.007764,0.0004177,0.0031942,1,0
56,ابو عاصم,65,21,9,0.007366,0.0009449,0.0023433,2,0
57,ابو اسامة,143,26,27,0.007281,0.0007995,0.0022692,12,0
58,عبد الله بن مسلمة,135,18,1,0.007116,0.0003339,0.0034737,8,0
59,همام,130,24,28,0.007075,0.0020382,0.0022730,0,0
60,منصور,160,30,18,0.006608,0.0016841,0.0024173,4,0
61,ابي سعيد الخدري,94,3,43,0.006557,0.0037139,0.0001757,8,0
62,سالم,105,11,21,0.006438,0.0030463,0.0008724,11,0
63,جرير,125,20,22,0.006326,0.0009398,0.0020126,4,0
64,ابي قلابة,66,17,9,0.006294,0.0012150,0.0011586,0,0
65,عكرمة,133,8,34,0.006250,0.0029099,0.0007572,2,0
66,ابي موسي,81,3,19,0.006248,0.0027363,0.0002489,12,0
67,مسروق,101,14,19,0.006033,0.0023093,0.0012342,3,0
68,جابرا,25,3,10,0.005971,0.0011128,0.0014450,4,0
69,عبد الله بن عمر,196,11,35,0.005946,0.0051879,0.0003765,11,0
70,معمر,223,23,14,0.005938,0.0035875,0.0054010,3,0
71,سعيد بن المسيب,137,27,21,0.005872,0.0022830,0.0011504,1,0
72,اباه,22,7,19,0.005837,0.0019479,0.0004013,1,0
73,مجاهد,74,12,27,0.005748,0.0019799,0.0009801,2,0
74,الشيباني,26,19,13,0.005394,0.0009882,0.0013687,9,0
75,انسا,75,6,28,0.005394,0.0019295,0.0010577,0,0
76,هشام بن عروة,140,13,43,0.005385,0.0018737,0.0015562,3,0
77,محمد بن يوسف,100,11,6,0.005368,0.0008840,0.0025790,4,0
78,اسراييل,74,20,24,0.005244,0.0015815,0.0018480,5,0
79,عبيد الله بن عبد الله,72,21,7,0.005217,0.0010012,0.0024064,1,0
80,محمد بن حرب,8,6,7,0.005200,0.0022449,0.0004248,3,0
81,ابن عيينة,63,25,17,0.005093,0.0006295,0.0023210,4,0
82,ابن عون,42,16,25,0.005041,0.0011705,0.0010495,0,0
83,ام سلمة,27,2,12,0.004937,0.0014441,0.0001167,3,0
84,محمد بن المثني,103,30,1,0.004814,0.0005637,0.0029436,6,0
85,يزيد,42,19,20,0.004791,0.0005108,0.0008216,1,0
86,معاوية,15,6,11,0.004660,0.0008568,0.0005960,6,0
87,ابي وايل,96,17,16,0.004590,0.0015618,0.0014087,4,0
88,ابن وهب,122,19,19,0.004553,0.0009321,0.0031368,1,0
89,معتمر,43,12,21,0.004543,0.0007632,0.0013159,0,0
90,ابو عوانة,108,32,18,0.004500,0.0007177,0.0022466,9,0
91,يحيي بن ابي كثير,52,19,18,0.004376,0.0016679,0.0010616,6,0
92,حميد,94,11,38,0.004224,0.0014840,0.0011139,0,0
93,ابراهيم بن سعد,101,10,21,0.004216,0.0005819,0.0022925,1,0
94,ابي عثمان,36,14,17,0.004143,0.0009377,0.0006742,0,0
95,عروة بن الزبير,122,24,23,0.004088,0.0017772,0.0012109,1,0
96,اسماعيل بن جعفر,39,18,10,0.004064,0.0004572,0.0011766,1,0
97,هشيم,47,22,24,0.003949,0.0008838,0.0013196,10,0
98,حماد بن زيد,121,28,21,0.003941,0.0009792,0.0025462,0,0
99,ابن ابي ذيب,58,12,16,0.003922,0.0007375,0.0012431,7,0
100,زيد بن ثابت,21,3,10,0.003921,0.0015604,0.0002916,14,0
101,محمد بن كثير,65,4,3,0.003808,0.0008389,0.0015164,4,0
102,محمد بن عبد الرحيم,29,21,1,0.003788,0.0000898,0.0018264,10,0
103,قيس,60,24,7,0.003785,0.0004652,0.0009426,8,0
104,عمرو بن دينار,65,29,16,0.003759,0.0008720,0.0013436,2,0
105,عمران بن حصين,23,3,12,0.003758,0.0012325,0.0004474,0,0
106,عبد الواحد,67,20,12,0.003709,0.0004213,0.0020816,9,0
107,جابر,71,4,27,0.003688,0.0017839,0.0009720,2,0
108,رسول الله,7,2,6,0.003653,0.0042755,0.0002140,7,0
109,محمد بن جعفر,71,21,19,0.003619,0.0005049,0.0019600,13,0
110,الحكم,51,17,5,0.003600,0.0005481,0.0011683,5,0
111,البراء,86,6,13,0.003584,0.0019123,0.0011157,5,0
112,محمد بن المنكدر,40,10,20,0.003560,0.0009140,0.0006407,2,0
113,مالك بن انس,29,20,17,0.003554,0.0002524,0.0007500,8,0
114,محمد بن بشار,178,30,3,0.003545,0.0001482,0.0045749,5,0
115,محمد بن مقاتل,45,8,4,0.003538,0.0014634,0.0008490,4,0
116,زيد بن وهب,26,11,11,0.003533,0.0006710,0.0004331,4,0
117,زيد بن اسلم,57,10,16,0.003505,0.0008594,0.0005947,8,0
118,يزيد بن زريع,71,22,20,0.003499,0.0010904,0.0017334,0,0
119,سال نبي الله,1,1,1,0.003454,0.0004278,0.0003538,0,0
120,عوف,25,13,15,0.003421,0.0005770,0.0010589,0,0
121,عمرو بن ميمون,21,7,5,0.003306,0.0004611,0.0003926,5,0
122,عطاء بن يسار,56,13,14,0.003272,0.0013773,0.0003078,8,0
123,القاسم بن محمد,35,10,19,0.003252,0.0008417,0.0003802,3,0
124,عاصم,43,17,22,0.003216,0.0008566,0.0008326,0,0
125,الوليد,23,8,13,0.003159,0.0005097,0.0012486,6,0
126,سعد,21,11,11,0.003141,0.0005943,0.0003604,5,0
127,حسين المعلم,6,5,5,0.003117,0.0006011,0.0001913,0,0
128,عبد الرزاق,109,4,17,0.003089,0.0012747,0.0026382,3,0
129,عامر,31,14,14,0.003087,0.0006936,0.0006756,9,0
130,سليمان بن حرب,138,9,1,0.003079,0.0010496,0.0032109,5,0
131,عبد الوارث,92,24,7,0.003074,0.0004353,0.0021007,0,0
132,ابو اسحاق,43,15,10,0.003060,0.0007939,0.0012095,5,0
133,ابي حازم,79,8,27,0.002985,0.0012030,0.0005299,13,0
134,حماد,79,28,13,0.002976,0.0005075,0.0019451,0,0
135,الصعب في الذراري كان عمرو يحدثنا,1,1,1,0.002959,0.0003334,0.0000841,2,0
136,صالح,58,10,9,0.002878,0.0012594,0.0014413,1,0
137,سالم بن عبد الله,69,9,8,0.002857,0.0010950,0.0006285,11,0
138,زايدة,24,18,14,0.002765,0.0006419,0.0005868,3,0
139,يحيي بن ادم,17,10,8,0.002754,0.0002702,0.0008186,3,0
140,عبد الله بن عباس,49,9,16,0.002683,0.0016031,0.0003670,1,0
141,ابراهيم بن المنذر,66,14,1,0.002622,0.0000869,0.0019331,11,0
142,ابو عبد الله,9,9,2,0.002620,0.0005741,0.0019859,2,0
143,عمرو بن الحارث,16,9,9,0.002614,0.0005374,0.0004930,1,0
144,ابي بردة,56,5,13,0.002610,0.0011082,0.0003455,12,0
145,عبد الصمد,28,11,9,0.002552,0.0003287,0.0009319,10,0
146,ابو بكر,18,6,11,0.002539,0.0007393,0.0002766,7,0
147,لي خليفة,12,6,6,0.002515,0.0009697,0.0004574,0,0
148,يعقوب بن ابراهيم,62,14,9,0.002512,0.0004085,0.0017209,10,0
149,حصين,34,14,15,0.002433,0.0006051,0.0006591,9,0
150,ابو هريرة,31,1,18,0.002414,0.0007932,0.0004040,1,0
151,المغيرة,15,7,11,0.002374,0.0010734,0.0002475,9,0
152,وهيب,95,17,12,0.002311,0.0006071,0.0015310,9,0
153,مسعر,23,18,9,0.002307,0.0003751,0.0007686,4,0
154,البراء بن عازب,41,3,12,0.002282,0.0013872,0.0028351,5,0
155,شيبان,54,6,12,0.002279,0.0006621,0.0010548,6,0
156,الوليد بن مسلم,14,6,10,0.002274,0.0003158,0.0008036,6,0
157,مسلم,57,8,3,0.002268,0.0003313,0.0011938,3,0
158,عبد العزيز,41,9,15,0.002258,0.0002837,0.0005355,0,0
159,ثابت,51,7,14,0.002255,0.0007984,0.0005446,0,0
160,اسماء,18,1,10,0.002250,0.0005919,0.0004040,3,0
161,عبد الملك بن عمير,17,12,5,0.002244,0.0002884,0.0006745,9,0
162,الاعرج,144,15,12,0.002235,0.0012561,0.0008044,7,0
163,عبد الله بن بريدة,17,10,6,0.002207,0.0006604,0.0005607,0,0
164,ابي صالح,63,5,12,0.002203,0.0012403,0.0002835,7,0
165,سعد بن ابراهيم,26,15,6,0.002184,0.0003634,0.0006767,5,0
166,ادم,150,7,1,0.002129,0.0004814,0.0036123,5,0
167,ثمامة,13,3,7,0.002114,0.0007677,0.0001908,0,0
168,زينب ابنة ابي سلمة,20,10,8,0.002093,0.0003892,0.0006163,3,0
169,النبي امر رجلا,1,1,1,0.002089,0.0004730,0.0031442,5,0
170,بسر بن سعيد,13,8,12,0.002070,0.0004855,0.0003298,14,0
171,الاسود,63,6,6,0.002059,0.0012916,0.0005675,4,0
172,احمد,19,8,1,0.002050,0.0000958,0.0011554,1,0
173,يحيي بن حمزة,8,7,6,0.002048,0.0003411,0.0006257,6,0
174,عبد الملك,27,14,5,0.002046,0.0003875,0.0007434,9,0
175,صالح بن كيسان,26,11,13,0.002023,0.0004471,0.0007524,1,0
176,نافعا,10,4,8,0.001998,0.0007840,0.0001944,11,0
177,حبيب بن ابي ثابت,13,11,5,0.001979,0.0003944,0.0005518,5,0
178,عقيل,175,7,7,0.001977,0.0010939,0.0038493,1,0
179,عدي بن ثابت,28,12,5,0.001974,0.0003281,0.0009269,5,0
180,جرير بن حازم,32,13,15,0.001962,0.0004304,0.0008322,0,0
181,محمد بن سيرين,24,11,13,0.001954,0.0006312,0.0003535,7,0
182,سمعه,8,3,5,0.001953,0.0035553,0.0001825,0,0
183,عبد الرحمن بن القاسم,40,11,14,0.001938,0.0005854,0.0007137,3,0
184,حيوة,11,9,6,0.001938,0.0003373,0.0008079,14,0
185,سعيد المقبري,42,9,7,0.001885,0.0004900,0.0006776,7,0
186,عمارة,18,8,9,0.001880,0.0012982,0.0003094,7,0
187,يزيد بن هارون,16,12,14,0.001858,0.0002953,0.0005646,6,0
188,ابن المبارك,14,8,11,0.001841,0.0013004,0.0005306,3,0
189,سليمان بن بلال,36,19,14,0.001828,0.0004363,0.0009143,6,0
190,وكيع,43,16,13,0.001827,0.0003458,0.0011522,6,0
191,طاوس,41,6,15,0.001807,0.0014143,0.0002810,2,0
192,علي بن حسين,19,11,4,0.001802,0.0002883,0.0007957,1,0
193,ابن سيرين,13,7,7,0.001795,0.0009098,0.0003314,0,0
194,محمود,39,9,3,0.001793,0.0006288,0.0009460,3,0
195,ثور,8,3,7,0.001751,0.0001706,0.0004009,7,0
196,زهير,59,23,8,0.001743,0.0003676,0.0013803,5,0
197,عبد الله بن يزيد,18,12,5,0.001742,0.0001793,0.0006534,14,0
198,ابي سلمة بن عبد الرحمن,35,9,16,0.001722,0.0007165,0.0002141,7,0
199,ثمامة بن عبد الله بن انس,8,4,7,0.001713,0.0005319,0.0001841,0,0
200,محمد بن ابي بكر,16,8,1,0.001692,0.0000851,0.0006434,0,0
201,وهب بن جرير,16,5,9,0.001666,0.0003491,0.0005189,3,0
202,روح,20,11,11,0.001641,0.0004198,0.0006164,10,0
203,ابو الاحوص,21,13,8,0.001639,0.0002841,0.0008993,6,0
204,عمرو بن زرارة,14,8,1,0.001617,0.0003521,0.0006000,10,0
205,عبد الله بن يوسف,335,7,1,0.001611,0.0000805,0.0081571,8,0
206,عبد الرحمن بن يزيد,16,6,5,0.001606,0.0004216,0.0002420,4,0
207,مهدي,7,4,4,0.001597,0.0000975,0.0019938,0,0
208,القاسم,23,5,15,0.001593,0.0007010,0.0002535,3,0
209,يعلي,9,8,6,0.001592,0.0002571,0.0003921,2,0
210,يونس بن يزيد,11,3,8,0.001585,0.0003803,0.0002822,1,0
211,خالد بن معدان,5,4,2,0.001576,0.0002395,0.0004985,7,0
212,عبد الاعلي,31,12,10,0.001571,0.0006347,0.0007417,0,0
213,النعمان بن بشير,12,1,7,0.001550,0.0004889,0.0007450,9,0
214,فليح بن سليمان,17,6,9,0.001549,0.0005512,0.0003328,10,0
215,اسحاق بن منصور,28,13,3,0.001538,0.0002949,0.0007823,10,0
216,سليمان بن يسار,17,8,10,0.001538,0.0005142,0.0002258,1,0
217,فليح,25,10,9,0.001531,0.0005402,0.0006747,10,0
218,ابيه ⟨هشام بن عروة⟩,115,29,1,0.001513,0.0013884,0.0009472,3,1
219,ابيه ⟨هشام⟩,136,23,1,0.001503,0.0014006,0.0011074,3,1
220,عمرو بن مرة,28,14,4,0.001486,0.0004155,0.0022422,5,0
221,عمرة بنت عبد الرحمن,21,5,9,0.001484,0.0003951,0.0002693,3,0
222,علي بن مسهر,22,9,5,0.001443,0.0003376,0.0004744,3,0
223,ابو سلمة,26,15,6,0.001414,0.0005069,0.0002925,1,0
224,ابي زرعة,24,3,10,0.001401,0.0012760,0.0001461,7,0
225,غيلان,3,2,1,0.001386,0.0001133,0.0021229,0,0
226,ابو عامر,13,9,2,0.001380,0.0003183,0.0004599,3,0
227,قيل يا رسول الله,1,1,1,0.001342,0.0008376,0.0003380,4,0
228,ابي النضر مولي عمر بن عبيد الله,13,9,4,0.001332,0.0001674,0.0005137,8,0
229,حميد بن عبد الرحمن,41,14,6,0.001321,0.0005024,0.0006137,1,0
230,ابا وايل,14,6,7,0.001320,0.0003251,0.0003152,5,0
231,عبد الله بن ابي مليكة,14,8,5,0.001320,0.0003982,0.0005689,0,0
232,ابو جمرة,8,4,4,0.001303,0.0003039,0.0002774,5,0
233,ابا سعيد,9,1,8,0.001302,0.0008922,0.0003515,1,0
234,يحيي بن يعمر,7,4,2,0.001300,0.0003479,0.0001440,0,0
235,ابو الاسود,7,6,7,0.001288,0.0002358,0.0002709,14,0
236,عليا,14,2,10,0.001288,0.0008483,0.0001427,1,0
237,عقبة بن الحارث,12,2,3,0.001283,0.0005025,0.0016573,2,0
238,عبيدة,18,4,4,0.001274,0.0004661,0.0004236,4,0
239,سعيد بن ابي سعيد المقبري,15,5,10,0.001270,0.0003905,0.0005292,7,0
240,سليمان التيمي,13,6,10,0.001270,0.0004712,0.0002620,0,0
241,العوام,6,3,5,0.001265,0.0002270,0.0003353,6,0
242,محمد بن عمرو بن حلحلة,4,4,6,0.001261,0.0002977,0.0003074,8,0
243,طارق بن شهاب,15,7,3,0.001259,0.0005754,0.0001522,12,0
244,اسماعيل بن خليل,8,3,1,0.001256,0.0001356,0.0003428,3,0
245,محمد بن فضيل,17,11,10,0.001254,0.0001975,0.0004820,9,0
246,الاسود بن يزيد,9,4,3,0.001242,0.0002605,0.0001664,5,0
247,اسماعيل بن ابراهيم,19,10,10,0.001241,0.0003114,0.0005754,0,0
248,بشر بن المفضل,21,10,7,0.001234,0.0002318,0.0006461,6,0
249,عبد العزيز بن ابي سلمة,13,11,6,0.001228,0.0001703,0.0003757,5,0
250,سهل بن سعد,62,3,10,0.001227,0.0010649,0.0003737,13,0
251,سليمان بن عبد الرحمن,6,5,2,0.001226,0.0001612,0.0004045,6,0
252,الزبيدي,8,3,6,0.001219,0.0009959,0.0002082,1,0
253,مطرف,12,6,9,0.001207,0.0002424,0.0003701,9,0
254,عباد بن تميم,23,8,8,0.001203,0.0003711,0.0003978,9,0
255,ابن نمير,14,12,3,0.001201,0.0000999,0.0005523,12,0
256,شريح بن مسلمة,9,4,2,0.001194,0.0003809,0.0004198,5,0
257,عبد الرحمن بن عبد الله بن دينار,9,4,8,0.001184,0.0004920,0.0002096,10,0
258,ابو النعمان,95,16,1,0.001184,0.0001099,0.0023943,0,0
259,ابو الزناد,65,7,5,0.001182,0.0004325,0.0007288,1,0
260,النضر,22,6,11,0.001181,0.0003141,0.0005303,5,0
261,ابي عبد الرحمن السلمي,12,5,3,0.001180,0.0003499,0.0005521,4,0
262,عبيد الله بن عمر,18,6,14,0.001179,0.0004250,0.0002987,11,0
263,يزيد بن خصيفة,6,3,6,0.001178,0.0002091,0.0001915,3,0
264,احمد بن عثمان,9,2,1,0.001176,0.0003128,0.0004609,5,0
265,عبد الله بن شداد,9,5,6,0.001171,0.0003453,0.0002585,2,0
266,عامر بن سعد,15,8,5,0.001158,0.0005957,0.0002534,1,0
267,حميد الطويل,25,4,15,0.001158,0.0005603,0.0002325,0,0
268,معتمر بن سليمان,7,4,6,0.001147,0.0002544,0.0003698,0,0
269,عيسي بن يونس,16,9,9,0.001139,0.0003403,0.0004319,3,0
270,ابيهما,4,3,5,0.001131,0.0004147,0.0001238,1,0
271,المسور بن مخرمة,23,7,8,0.001123,0.0005274,0.0004120,2,0
272,حصين بن عبد الرحمن,11,8,8,0.001119,0.0005236,0.0003516,2,0
273,عمرو بن يحيي,22,7,6,0.001116,0.0002639,0.0005189,9,0
274,الجريري,9,6,5,0.001113,0.0002544,0.0007102,0,0
275,ابو النضر,7,7,7,0.001109,0.0002263,0.0004057,4,0
276,ابن اخي ابن شهاب,11,4,4,0.001109,0.0001657,0.0005369,10,0
277,عبد الوهاب,56,10,14,0.001108,0.0003782,0.0011521,0,0
278,حذيفة,36,1,13,0.001106,0.0010109,0.0000718,4,0
279,هاشم,2,2,2,0.001104,0.0001978,0.0000845,1,0
280,روح بن عبادة,17,11,8,0.001095,0.0003976,0.0006031,10,0
281,سلمة بن كهيل,9,7,3,0.001073,0.0001413,0.0013781,5,0
282,سعيد بن مسروق,7,4,4,0.001072,0.0001949,0.0003969,6,0
283,قيس بن مسلم,12,1,10,0.001071,0.0005113,0.0001666,12,0
284,هلال,11,4,4,0.001071,0.0004137,0.0005930,10,0
285,عبد الله بن دينار,74,4,14,0.001067,0.0007982,0.0006124,11,0
286,مروان,10,2,9,0.001065,0.0004073,0.0001447,1,0
287,مجاهدا,13,7,10,0.001061,0.0003923,0.0002410,2,0
288,خالد بن الحارث,16,8,8,0.001060,0.0001997,0.0004855,0,0
289,سلمان,3,3,3,0.001059,0.0002865,0.0008821,0,0
290,ابي ⟨هشام⟩,41,13,1,0.001057,0.0004766,0.0005620,3,1
291,عبد الله بن رجاء,14,4,2,0.001055,0.0010259,0.0003944,5,0
292,سعيد بن ابي سعيد,20,4,5,0.001054,0.0004629,0.0001873,7,0
293,حجاج,17,7,5,0.001045,0.0001883,0.0005325,5,0
294,شعيب,271,8,5,0.001039,0.0007274,0.0044390,1,0
295,خالد الحذاء,24,11,13,0.001032,0.0003611,0.0004573,0,0
296,كعب بن مالك,12,1,7,0.001007,0.0006099,0.0000891,1,0
297,محمد بن سوقة,4,4,3,0.001001,0.0002202,0.0002600,4,0
298,سلمة,23,6,4,0.000990,0.0004332,0.0003032,2,0
299,طلحة,8,5,6,0.000975,0.0003208,0.0001306,5,0
300,بيان,11,9,7,0.000969,0.0002309,0.0002895,8,0
301,عبد الرحمن بن مهدي,7,6,6,0.000967,0.0001033,0.0003219,5,0
302,ابي جمرة,12,2,7,0.000961,0.0004198,0.0001096,2,0
303,قيس بن ابي حازم,19,9,7,0.000957,0.0005080,0.0002418,8,0
304,جابر بن عبد الله,169,5,51,0.000946,0.0049752,0.0003412,2,0
305,ابن بريدة,8,6,6,0.000944,0.0003784,0.0002745,0,0
306,الاسود بن قيس,11,7,4,0.000935,0.0001570,0.0005224,5,0
307,عبد العزيز بن رفيع,7,3,5,0.000935,0.0003044,0.0001355,7,0
308,جندبا,6,2,4,0.000931,0.0001943,0.0004805,5,0
309,ابي معمر,16,3,4,0.000926,0.0004935,0.0001794,2,0
310,جلست,2,2,2,0.000919,0.0004242,0.0002839,10,0
311,المعتمر بن سليمان,5,2,3,0.000919,0.0002225,0.0003713,15,0
312,ابن ابي نجيح,27,3,10,0.000917,0.0005993,0.0005003,2,0
313,حفصة,12,2,7,0.000915,0.0010952,0.0009245,0,0
314,عطاء بن يزيد,13,11,2,0.000915,0.0002336,0.0007026,1,0
315,عبد الرحمن بن ابي ليلي,19,5,6,0.000904,0.0006893,0.0002450,2,0
316,عطاء بن ابي رباح,14,3,11,0.000898,0.0004940,0.0000849,2,0
317,عامر بن عبد الله بن الزبير,4,2,3,0.000898,0.0001416,0.0002719,8,0
318,محمد بن سنان,25,6,1,0.000893,0.0002066,0.0005807,10,0
319,عارم,2,2,1,0.000892,0.0000840,0.0001468,15,0
320,الوليد بن العيزار,2,2,2,0.000889,0.0001188,0.0002160,16,0
321,سال عايشة,1,1,1,0.000886,0.0000927,0.0000819,3,0
322,ابن ابي زايدة,5,4,2,0.000882,0.0001199,0.0003611,3,0
323,هشام بن زيد,10,2,2,0.000880,0.0003514,0.0001145,5,0
324,اسماعيل بن ابي خالد,22,8,14,0.000879,0.0003904,0.0003480,8,0
325,عمير بن الاسود العنسي,1,4,1,0.000876,0.0001186,0.0003233,7,0
326,ابي عثمان النهدي,9,7,8,0.000871,0.0004329,0.0001476,0,0
327,محمد بن عبد الله الانصاري,15,6,7,0.000869,0.0002038,0.0004058,0,0
328,اسحاق بن عبد الله بن ابي طلحة,39,4,8,0.000863,0.0003409,0.0003338,0,0
329,بكر بن عبد الله,3,1,3,0.000855,0.0003602,0.0000751,0,0
330,عثمان بن ابي شيبة,45,5,1,0.000850,0.0005637,0.0008157,4,0
331,المغيرة بن شعبة,15,1,7,0.000848,0.0006366,0.0000804,3,0
332,ابي جحيفة,6,2,5,0.000844,0.0002289,0.0007343,9,0
333,ابن ابي مريم,19,8,1,0.000842,0.0000860,0.0004705,13,0
334,اسماعيل بن امية,5,4,4,0.000840,0.0003307,0.0001997,2,0
335,يزيد بن ابي حبيب,23,9,4,0.000834,0.0002314,0.0006168,1,0
336,واقد بن محمد,6,5,2,0.000834,0.0001353,0.0003263,5,0
337,بكر,9,5,7,0.000831,0.0001828,0.0002098,7,0
338,محمد بن يحيي بن حبان,10,6,6,0.000823,0.0002324,0.0002805,11,0
339,ابي مجلز,9,5,6,0.000813,0.0004222,0.0001521,0,0
340,عبيد الله بن عدي,3,3,2,0.000811,0.0001232,0.0005693,1,0
341,يحيي بن صالح,11,6,2,0.000807,0.0001069,0.0004230,10,0
342,محمد بن ابراهيم,15,10,6,0.000804,0.0003278,0.0002954,7,0
343,كريب,28,6,9,0.000799,0.0006193,0.0002545,2,0
344,جعفر بن ربيعة,24,7,5,0.000796,0.0002941,0.0003385,1,0
345,علي بن الحسين,5,4,3,0.000792,0.0002172,0.0010438,1,0
346,عبد الله بن كعب,10,4,7,0.000790,0.0002637,0.0002003,1,0
347,عبيد الله بن عبد الله بن عتبة,49,15,6,0.000785,0.0007278,0.0003569,1,0
348,ابي الضحي,29,3,6,0.000784,0.0005173,0.0003448,3,0
349,اسماعيل بن ابان,6,5,1,0.000781,0.0002351,0.0002387,2,0
350,زيد,7,6,3,0.000773,0.0001909,0.0002949,13,0
351,عبد الرحمن بن ابي بكرة,17,4,10,0.000773,0.0005266,0.0002836,0,0
352,محمد بن فليح,14,3,2,0.000773,0.0001864,0.0004146,11,0
353,عبد العزيز بن عبد الله بن ابي سلمة,3,3,3,0.000768,0.0002066,0.0001658,0,0
354,بريد بن عبد الله بن ابي بردة,9,2,4,0.000765,0.0003011,0.0001696,12,0
355,ابي عبد الرحمن,9,1,5,0.000762,0.0003333,0.0003291,4,0
356,عثمان بن غياث,3,3,3,0.000761,0.0002103,0.0001374,12,0
357,فضيل بن سليمان,14,6,4,0.000759,0.0001569,0.0007696,0,0
358,صخر بن جويرية,6,2,5,0.000758,0.0003764,0.0001387,11,0
359,ابا هريرة اخبرهما,4,2,6,0.000756,0.0002517,0.0004577,1,0
360,مالك بن مغول,5,4,3,0.000755,0.0001608,0.0003527,3,0
361,ابو حفص,2,1,2,0.000754,0.0005272,0.0000781,11,0
362,ابو سلمة بن عبد الرحمن,37,10,7,0.000754,0.0006780,0.0002949,1,0
363,عدي,12,6,3,0.000754,0.0002019,0.0003498,5,0
364,ابراهيم بن طهمان,7,6,4,0.000750,0.0002559,0.0002578,4,0
365,عبيد الله بن موسي,38,14,5,0.000750,0.0002083,0.0010409,5,0
366,ابن ابي ليلي,17,6,4,0.000749,0.0003383,0.0003117,5,0
367,عبد الرحمن بن عبد الله بن كعب بن مالك,7,7,2,0.000743,0.0001490,0.0003827,1,0
368,عبد الرحمن بن يزيد بن جابر,2,2,2,0.000741,0.0001610,0.0002726,6,0
369,عبد العزيز لقيت انسا,1,1,1,0.000741,0.0001854,0.0002666,2,0
370,عمر بن محمد,5,5,3,0.000740,0.0001218,0.0002581,1,0
371,اشعث,9,4,4,0.000726,0.0002412,0.0003705,5,0
372,كريب مولي ابن عباس,15,4,8,0.000726,0.0004059,0.0001322,2,0
373,ابن ابي نعم,6,3,4,0.000725,0.0002597,0.0000805,7,0
374,عبد الله بن ابي قتادة,22,2,6,0.000716,0.0005311,0.0001613,6,0
375,زينب ابنة ام سلمة,8,4,5,0.000713,0.0002234,0.0002383,3,0
376,عاصم الاحول,10,7,9,0.000712,0.0002288,0.0001913,9,0
377,ابا حازم,4,4,4,0.000708,0.0002571,0.0001328,13,0
378,ابا بكر بن عبد الرحمن بن الحارث بن هشام,1,1,1,0.000707,0.0002482,0.0000693,6,0
379,شقيق,38,8,4,0.000707,0.0005392,0.0004308,4,0
380,ابو بردة,8,3,4,0.000706,0.0003774,0.0001446,12,0
381,حفص بن عاصم,18,4,4,0.000705,0.0003869,0.0002154,7,0
382,سالم بن عبد الله اخبراه انهما كلما عبد الله بن عمر,1,1,1,0.000704,0.0000912,0.0013897,9,0
383,يعقوب,13,5,6,0.000703,0.0001579,0.0003187,1,0
384,كانت احب اسماء علي,1,1,1,0.000702,0.0003807,0.0002394,13,0
385,عمرو بن سليم الزرقي,5,5,3,0.000701,0.0002567,0.0003047,8,0
386,يوسف بن الماجشون,4,2,3,0.000701,0.0001510,0.0002770,1,0
387,ابا عمرو الشيباني,2,3,2,0.000701,0.0002005,0.0002697,16,0
388,عبيد الله بن عدي بن الخيار,3,4,3,0.000700,0.0001888,0.0002778,10,0
389,ابو عقيل,2,1,1,0.000700,0.0000879,0.0002464,3,0
390,عمر بن عبد الله بن الارقم الزهري يامره,1,1,1,0.000700,0.0002613,0.0002336,17,0
391,ابا بكر بن عياش,1,1,1,0.000700,0.0001272,0.0002902,2,0
392,احمد بن ابي رجاء,13,7,1,0.000700,0.0001038,0.0004598,5,0
393,ابي بكر,5,1,4,0.000699,0.0011024,0.0002315,5,0
394,غيره,10,10,9,0.000691,0.0001680,0.0002763,14,0
395,ابراهيم ابو اسماعيل السكسكي,2,4,1,0.000690,0.0001743,0.0002737,6,0
396,سفيان لم يرفعه الاعمش,1,3,1,0.000687,0.0004177,0.0004891,2,0
397,عقبة بن وساج,2,2,2,0.000682,0.0002923,0.0001208,6,0
398,عمر بن عبد العزيز,2,1,2,0.000667,0.0002005,0.0001220,6,0
399,عبد الرحمن بن هرمز الاعرج,4,3,3,0.000662,0.0001942,0.0000850,1,0
400,سعيد بن ابي هلال,9,6,2,0.000659,0.0001650,0.0002737,1,0
401,ابي حصين,21,8,8,0.000658,0.0006480,0.0002791,7,0
402,ابو اليمان,257,2,1,0.000657,0.0005637,0.0036860,1,0
403,عمر بن ذر,5,4,5,0.000654,0.0001981,0.0003837,4,0
404,شعبة بن الحجاج,2,1,2,0.000653,0.0002527,0.0000825,5,0
405,ابي ⟨عبيد الله بن معاذ⟩,4,1,1,0.000653,0.0002596,0.0001632,5,1
406,محمد بن عبد الرحمن,8,7,7,0.000650,0.0002687,0.0001806,3,0
407,شريك بن عبد الله بن ابي نمر,8,4,6,0.000650,0.0002286,0.0001753,0,0
408,محمد ابن الحنفية,3,1,3,0.000650,0.0003312,0.0001391,4,0
409,عراك بن مالك,8,7,5,0.000648,0.0001827,0.0001947,1,0
410,عمه ⟨ابن اخي الزهري⟩,1,1,1,0.000647,0.0002478,0.0000707,11,1
411,اسحاق بن ابي طلحة الانصاري,1,1,1,0.000647,0.0002478,0.0000671,0,0
412,سالم الافطس,3,1,1,0.000647,0.0002706,0.0000759,2,0
413,عبد الرحمن بن غنم الاشعري,1,1,1,0.000647,0.0002022,0.0000957,6,0
414,امي ⟨منصور بن عبد الرحمن ابن شيبة⟩,1,1,1,0.000647,0.0005469,0.0000679,3,1
415,سعد بن عبيدة,20,4,9,0.000647,0.0005023,0.0008649,4,0
416,يحيي بن عبد الله بن صيفي,8,4,4,0.000646,0.0003299,0.0002578,2,0
417,عاصم بن عمر بن قتادة,4,3,3,0.000637,0.0002030,0.0001694,4,0
418,ابن فضيل,14,7,10,0.000636,0.0002180,0.0003276,9,0
419,الجعيد,4,4,4,0.000635,0.0002134,0.0002286,2,0
420,قرة بن خالد,7,5,5,0.000635,0.0002757,0.0001783,6,0
421,حاتم,15,9,6,0.000635,0.0001049,0.0006011,1,0
422,بكير,11,6,5,0.000632,0.0002699,0.0002069,4,0
423,ابن ادريس,5,4,4,0.000631,0.0002292,0.0002612,8,0
424,محمود بن الربيع,10,5,2,0.000625,0.0001950,0.0002273,1,0
425,عبد العزيز بن ابي حازم,16,3,9,0.000624,0.0002666,0.0002456,13,0
426,عبد الرحمن بن الغسيل,4,4,2,0.000619,0.0001279,0.0003131,4,0
427,عبيد الله بن عبد الله بن عتبة بن مسعود,27,10,5,0.000615,0.0003896,0.0003514,1,0
428,عمر بن محمد العمري,2,2,2,0.000612,0.0001652,0.0001851,10,0
429,عبيد الله بن معاذ,4,1,3,0.000612,0.0002142,0.0002020,5,0
430,ابي ⟨هشام بن عروة⟩,8,3,1,0.000611,0.0001690,0.0002567,3,1
431,ابيه ⟨عبد الرحمن بن الاسود⟩,5,2,1,0.000610,0.0003136,0.0000899,3,1
432,مروان بن شجاع,3,1,3,0.000606,0.0002270,0.0001277,2,0
433,عطية بن قيس الكلابي,1,1,1,0.000606,0.0001463,0.0001447,6,0
434,ربيعة بن عبد الله بن الهدير التيمي,1,2,1,0.000606,0.0002087,0.0001299,7,0
435,منصور بن عبد الرحمن ابن شيبة,1,1,1,0.000606,0.0005412,0.0001208,3,0
436,عبد الملك بن ميسرة,9,5,2,0.000606,0.0001500,0.0003367,5,0
437,صفوان بن يعلي,9,3,2,0.000604,0.0002507,0.0002075,2,0
438,عبد الله بن وهب,8,5,6,0.000596,0.0002151,0.0002857,1,0
439,ابي ⟨عمر⟩,1,1,1,0.000595,0.0010938,0.0000821,2,1
440,ابي رجاء,5,4,2,0.000595,0.0001854,0.0001912,0,0
441,الفضل بن موسي,4,4,3,0.000593,0.0001127,0.0002481,4,0
442,اسحاق بن يوسف,3,3,2,0.000593,0.0001531,0.0002262,2,0
443,عفان,7,5,4,0.000593,0.0001715,0.0001867,10,0
444,هند,1,3,1,0.000591,0.0001035,0.0001093,3,0
445,محمد بن سعد,2,2,2,0.000588,0.0001924,0.0001316,1,0
446,منذر,2,2,2,0.000588,0.0001654,0.0001543,4,0
447,ابي الخير,25,4,3,0.000585,0.0003751,0.0005571,1,0
448,عبد الله بن ابي بكر,12,5,3,0.000585,0.0001444,0.0003567,8,0
449,عبد الواحد بن ايمن,8,4,3,0.000584,0.0001315,0.0002654,4,0
450,ابيه ⟨المعتمر بن سليمان⟩,2,2,1,0.000583,0.0001535,0.0001444,15,1
451,الجعيد بن عبد الرحمن,5,3,5,0.000582,0.0002404,0.0001666,3,0
452,ابي الزناد,77,3,8,0.000577,0.0006290,0.0004398,7,0
453,انس بن عياض,21,4,4,0.000576,0.0002630,0.0003332,11,0
454,ابو عامر العقدي,5,5,5,0.000575,0.0001081,0.0002899,3,0
455,ابي الغيث,13,1,3,0.000574,0.0003598,0.0000973,7,0
456,ربيعة بن يزيد الدمشقي,3,3,2,0.000572,0.0001989,0.0002278,3,0
457,ابراهيم بن يوسف,9,2,3,0.000571,0.0004000,0.0002999,5,0
458,محمد بن جبير,7,4,4,0.000570,0.0003038,0.0002525,1,0
459,عبد الرحمن بن الاسود,5,1,5,0.000569,0.0002773,0.0001395,3,0
460,ابا النضر,8,6,3,0.000569,0.0001372,0.0002796,10,0
461,محمد بن حمير,2,2,2,0.000569,0.0001666,0.0002176,6,0
462,صفية,2,2,2,0.000569,0.0002087,0.0015628,4,0
463,يونس بن محمد,5,3,4,0.000567,0.0002270,0.0001509,6,0
464,محمد بن ابي بكر المقدمي,13,7,1,0.000566,0.0000821,0.0006155,0,0
465,عثمان بن عبد الرحمن التيمي,1,1,1,0.000565,0.0001541,0.0001735,7,0
466,عمر بن نافع,2,2,2,0.000565,0.0001641,0.0001908,11,0
467,الفضيل بن سليمان النميري البصري,1,1,1,0.000565,0.0005537,0.0001657,3,0
468,عبد الواحد بن زياد,6,5,4,0.000563,0.0000962,0.0003666,9,0
469,السايب بن يزيد,18,4,8,0.000563,0.0005404,0.0002614,3,0
470,زينب بنت ابي سلمة,7,4,4,0.000561,0.0002006,0.0001910,3,0
471,الحسن بن محمد,7,7,2,0.000557,0.0000970,0.0004187,0,0
472,سفيان بن عيينة,7,6,7,0.000557,0.0001393,0.0002570,4,0
473,حميد بن نافع,7,4,4,0.000556,0.0002415,0.0002481,3,0
474,معن بن عيسي,3,3,3,0.000548,0.0001164,0.0002203,11,0
475,ربيعة بن ابي عبد الرحمن,13,5,6,0.000547,0.0002409,0.0002578,8,0
476,عبد الرحمن الاعرج,10,5,7,0.000544,0.0002537,0.0001771,7,0
477,ابي حيان,7,4,5,0.000543,0.0002482,0.0001461,7,0
478,غالب القطان,2,2,2,0.000541,0.0001779,0.0001056,15,0
479,يحيي بن حماد,9,2,2,0.000540,0.0001655,0.0002829,9,0
480,صدقة بن الفضل,25,9,1,0.000539,0.0002267,0.0008342,4,0
481,القاسم بن مالك,2,2,1,0.000538,0.0001207,0.0001399,10,0
482,ثابت البناني,11,3,7,0.000537,0.0002603,0.0001412,0,0
483,سليمان الشيباني,7,4,5,0.000536,0.0002019,0.0002384,2,0
484,ابو بردة بن عبد الله,2,2,1,0.000535,0.0000886,0.0002119,9,0
485,سويد بن غفلة,5,2,3,0.000534,0.0001868,0.0001548,4,0
486,مروان بن معاوية,3,3,3,0.000533,0.0000894,0.0002691,4,0
487,ابن ابي هلال,2,2,1,0.000533,0.0000933,0.0002267,4,0
488,معاوية بن ابي مزرد,5,4,3,0.000531,0.0001547,0.0002346,7,0
489,ابيه ⟨ابراهيم⟩,4,4,1,0.000529,0.0001516,0.0001163,4,1
490,حميد بن هلال,19,6,8,0.000528,0.0003624,0.0002040,0,0
491,منصور ابن صفية,4,2,3,0.000528,0.0001482,0.0002240,4,0
492,لابو تراب,1,1,1,0.000526,0.0004024,0.0002079,13,0
493,ابو ادريس عايذ الله,2,3,2,0.000525,0.0001537,0.0002241,10,0
494,ابو المتوكل الناجي,2,2,1,0.000525,0.0001525,0.0002160,3,0
495,يدخل علي سبيعة بنت الحارث الاسلمية فيسالها,1,1,1,0.000525,0.0002982,0.0002009,17,0
496,عبد الرحمن بن هرمز مولي بني عبد المطلب,1,1,1,0.000525,0.0000907,0.0002321,7,0
497,عبد الحميد بن عبد الرحمن بن زيد,2,1,1,0.000525,0.0000960,0.0002079,1,0
498,حكيم بن ابي حرة الاسلمي,1,1,1,0.000525,0.0000950,0.0002009,11,0
499,خالد بن ذكوان,6,3,1,0.000525,0.0001337,0.0002241,6,0
500,ابي بكر بن المنكدر,1,1,1,0.000525,0.0000851,0.0002009,5,0
501,صحبت ابن عمر,1,1,1,0.000525,0.0001046,0.0002079,2,0
502,ابراهيم التيمي,18,3,2,0.000525,0.0002994,0.0004483,4,0
503,ابو بكر بن ابي مليكة,1,1,1,0.000524,0.0000898,0.0002104,7,0
504,محمد هو ابن عقبة,1,1,1,0.000524,0.0005637,0.0002038,3,0
505,ابو حصين,6,4,6,0.000518,0.0002635,0.0001945,7,0
506,بشر,9,8,3,0.000515,0.0001657,0.0003227,6,0
507,يحيي بن معين,3,3,2,0.000514,0.0001501,0.0002184,13,0
508,ربيع بن خثيم,1,1,1,0.000512,0.0001482,0.0000756,4,0
509,ابو عثمان,10,7,7,0.000510,0.0003774,0.0001610,0,0
510,ابا سلمة,11,4,9,0.000507,0.0003048,0.0000975,2,0
511,حفصة بنت سيرين,12,5,5,0.000507,0.0002414,0.0003794,0,0
512,عبيد الله بن ابي يزيد,7,4,5,0.000505,0.0002120,0.0001501,4,0
513,علقمة,51,6,3,0.000503,0.0010679,0.0006076,4,0
514,جويرية,32,4,5,0.000503,0.0002051,0.0005751,11,0
515,ابو رجاء,15,4,6,0.000502,0.0003550,0.0002170,0,0
516,معاوية بن عمرو,15,3,3,0.000500,0.0001619,0.0004226,5,0
517,قلت لعلي,1,1,1,0.000498,0.0001752,0.0007740,9,0
518,حاتم بن اسماعيل,9,3,6,0.000498,0.0001986,0.0006924,2,0
519,محمد بن سابق,8,5,5,0.000497,0.0002214,0.0004099,3,0
520,نافع بن جبير بن مطعم,3,3,3,0.000496,0.0001664,0.0001791,4,0
521,زكرياء,17,6,3,0.000492,0.0001956,0.0004810,9,0
522,حرمي بن عمارة,4,3,4,0.000492,0.0001417,0.0001918,5,0
523,ابو صالح,16,6,4,0.000491,0.0003173,0.0001638,4,0
524,قيس بن حفص,11,4,1,0.000491,0.0000995,0.0003692,9,0
525,عثمان بن عمر,16,5,7,0.000485,0.0001843,0.0003990,6,0
526,جرير بن عبد الحميد,5,5,3,0.000481,0.0009625,0.0001611,4,0
527,محمد بن المبارك,1,1,1,0.000479,0.0000830,0.0001296,6,0
528,ابي عبيدة,2,2,2,0.000478,0.0002469,0.0000926,1,0
529,ابيه ⟨عبد الرحمن بن القاسم⟩,25,7,1,0.000476,0.0003905,0.0003255,3,1
530,رواه ابن طهمان,1,2,1,0.000475,0.0003339,0.0001087,11,0
531,جويرية بن اسماء,11,2,6,0.000475,0.0001846,0.0002089,11,0
532,ثابتا,3,3,3,0.000474,0.0001702,0.0001401,0,0
533,جبير بن حية,3,1,3,0.000473,0.0004798,0.0000771,15,0
534,قبيصة,43,2,3,0.000472,0.0002691,0.0010335,4,0
535,النعمان,2,1,2,0.000471,0.0001403,0.0004040,9,0
536,ابي عمران,3,2,3,0.000471,0.0002041,0.0001002,0,0
537,عبيد الله بن ابي جعفر,7,5,2,0.000468,0.0001758,0.0001921,1,0
538,ابي الاسود,6,2,6,0.000465,0.0002626,0.0001315,0,0
539,حسين بن علي,6,4,3,0.000464,0.0002285,0.0001500,1,0
540,ابو حازم,32,5,10,0.000457,0.0004357,0.0002736,13,0
541,الاحنف بن قيس,4,1,3,0.000455,0.0003590,0.0001838,0,0
542,ابو الجويرية,2,2,2,0.000453,0.0001843,0.0001196,2,0
543,بكر بن عبد الله المزني,4,2,2,0.000453,0.0002346,0.0000999,15,0
544,صفوان بن محرز المازني,3,1,3,0.000450,0.0002389,0.0000946,0,0
545,صخر,2,1,2,0.000449,0.0002184,0.0000873,11,0
546,جده ⟨بريد بن عبد الله بن ابي بردة⟩,4,2,1,0.000447,0.0001921,0.0000952,12,1
547,ابيه ⟨عبد الرحمن بن ابي صعصعة⟩,2,2,1,0.000445,0.0002606,0.0000690,7,1
548,ربعي بن حراش,11,6,3,0.000443,0.0001947,0.0002219,4,0
549,احمد بن صالح,22,2,3,0.000442,0.0001358,0.0005706,1,0
550,فسالت ابن عمر,1,1,1,0.000442,0.0005002,0.0000963,3,0
551,شعيب بن ابي حمزة,6,4,3,0.000440,0.0001299,0.0001893,1,0
552,ابي ⟨سفيان⟩,2,2,1,0.000438,0.0000954,0.0001821,4,1
553,همام بن يحيي,7,2,3,0.000438,0.0002235,0.0001357,0,0
554,ذكوان,10,5,5,0.000436,0.0002560,0.0000964,7,0
555,الحارث بن سويد,8,5,2,0.000436,0.0002009,0.0002116,4,0
556,محمد بن ابي حفصة,2,1,2,0.000436,0.0002525,0.0000988,1,0
557,محمد بن صباح,5,2,1,0.000435,0.0005637,0.0002487,0,0
558,ابي عبد الله الاغر,3,1,4,0.000434,0.0002364,0.0000710,7,0
559,خبيب بن عبد الرحمن,14,2,4,0.000433,0.0002330,0.0002507,7,0
560,ابيه ⟨ابي⟩,2,2,2,0.000433,0.0002232,0.0001117,1,1
561,الزبير بن الخريت,1,1,1,0.000432,0.0002239,0.0000678,2,0
562,عبيد الله بن ابي رافع,2,1,2,0.000432,0.0002185,0.0000804,1,0
563,الفضل,2,2,2,0.000432,0.0002099,0.0001348,3,0
564,ابن اخي الزهري,1,1,1,0.000432,0.0001999,0.0001232,11,0
565,ابي ⟨عمر بن يونس⟩,1,1,1,0.000432,0.0001999,0.0001202,0,1
566,مثني بن سعيد القصير,1,1,1,0.000432,0.0001999,0.0000926,5,0
567,شاذان,3,2,2,0.000432,0.0002099,0.0001528,5,0
568,ابي ⟨شاذان اخو عبدان⟩,1,1,1,0.000432,0.0001999,0.0000981,5,1
569,حفص,1,1,1,0.000432,0.0001999,0.0000761,3,0
570,عمي القاسم بن يحيي,2,1,2,0.000432,0.0002099,0.0000877,11,0
571,عبيد الله بن الاخنس ابو مالك,1,1,1,0.000432,0.0001999,0.0000879,2,0
572,ميمون بن سياه,1,1,1,0.000432,0.0002029,0.0000671,0,0
573,مسعر بن كدام,1,1,1,0.000432,0.0001999,0.0001091,10,0
574,ابي ⟨الانصاري محمد⟩,1,1,1,0.000432,0.0001999,0.0000755,0,1
575,ابي ⟨عمر بن حفص⟩,57,2,1,0.000431,0.0002070,0.0011398,4,1
576,ابيه ⟨ليس ابو عبيدة ذكره + لكن عبد الرحمن بن الاسود⟩,1,1,2,0.000431,0.0002432,0.0000756,5,1
577,صالح وابن ابي حفصة وابن مجمع,1,1,3,0.000431,0.0003574,0.0000810,3,0
578,عايشة حدثت,1,1,2,0.000431,0.0002317,0.0000756,1,0
579,ابيه ⟨عبد الله بن يحيي بن ابي كثير + اثني عليه خيرا لقيته باليمامة⟩,1,1,2,0.000431,0.0002129,0.0000726,6,1
580,ابن شبرمة,1,1,2,0.000431,0.0002249,0.0001045,4,0
581,ابو معبد,1,1,1,0.000431,0.0002032,0.0000659,2,0
582,ابيه ⟨عبد الملك بن سعيد بن جبير⟩,1,1,1,0.000431,0.0002147,0.0000659,2,1
583,ابي ⟨بشر بن شعيب⟩,2,1,1,0.000431,0.0002293,0.0000988,1,1
584,اسحاق بن راشد,1,1,1,0.000431,0.0002059,0.0000810,0,0
585,ابو صالح سلمويه,1,1,1,0.000431,0.0002065,0.0000756,4,0
586,ابيه ⟨عروة فسالت هشاما عنه فحدثنا⟩,1,1,1,0.000431,0.0002087,0.0000679,2,1
587,ابي المنهال,8,2,5,0.000430,0.0002535,0.0001281,2,0
588,اسباط بن محمد,2,2,2,0.000430,0.0001712,0.0001638,9,0
589,هشيما,2,2,2,0.000427,0.0001932,0.0001575,9,0
590,حنظلة,8,6,4,0.000422,0.0001831,0.0001970,5,0
591,زينب,6,3,4,0.000421,0.0001425,0.0001685,3,0
592,عباد بن عبد الله بن الزبير,5,2,5,0.000418,0.0002482,0.0000801,3,0
593,عمر بن علي,5,5,4,0.000414,0.0001834,0.0003004,0,0
594,زياد,6,4,4,0.000413,0.0001574,0.0002026,2,0
595,ابي سفيان,3,3,4,0.000410,0.0002073,0.0000790,2,0
596,يحيي بن ابي بكير,3,3,2,0.000408,0.0001494,0.0001778,5,0
597,ايوب السختياني,5,4,4,0.000407,0.0001226,0.0001983,2,0
598,ارسل,2,3,1,0.000406,0.0007416,0.0001836,14,0
599,ابراهيم بن نافع,6,5,4,0.000405,0.0001549,0.0008270,4,0
600,عبد الرحمن بن ابي صعصعة,2,1,2,0.000405,0.0002150,0.0001218,7,0
601,سالما,5,2,4,0.000403,0.0011400,0.0001079,11,0
602,ابي عمران الجوني,5,4,3,0.000403,0.0001570,0.0002192,5,0
603,زكرياء بن ابي زايدة,2,2,2,0.000403,0.0001607,0.0001486,9,0
604,علي بن مدرك,4,3,1,0.000402,0.0001070,0.0002021,5,0
605,فسالته,1,1,1,0.000401,0.0005024,0.0001450,3,0
606,حبان,21,5,4,0.000401,0.0001607,0.0003872,10,0
607,حسان بن ابراهيم,3,2,3,0.000399,0.0002262,0.0001290,1,0
608,ابو احمد,5,3,3,0.000398,0.0001601,0.0002253,4,0
609,عمرو بن ابي عمرو مولي المطلب,2,2,2,0.000395,0.0001478,0.0001232,13,0
610,سعدان بن بشر,2,1,2,0.000394,0.0001613,0.0002081,9,0
611,الماجشون,2,2,2,0.000394,0.0001577,0.0001217,7,0
612,ثمامة بن عبد الله,6,1,3,0.000393,0.0002741,0.0000996,0,0
613,رقبة,2,2,2,0.000393,0.0001494,0.0001313,12,0
614,حسين بن محمد,3,3,3,0.000392,0.0001879,0.0001155,10,0
615,عنبسة بن سعيد,3,2,2,0.000392,0.0001899,0.0001194,1,0
616,ابي امامة بن سهل بن حنيف,3,3,2,0.000391,0.0001586,0.0001227,5,0
617,ابيه ⟨سفيان⟩,6,2,1,0.000391,0.0001305,0.0001588,4,1
618,ابو ادريس الخولاني,4,4,4,0.000391,0.0002846,0.0001915,6,0
619,محمد بن عمرو بن عطاء,1,1,1,0.000391,0.0001791,0.0000819,8,0
620,عمر بن حفص,57,1,2,0.000390,0.0001521,0.0010346,4,0
621,عمرو },1,1,1,0.000390,0.0001476,0.0001192,2,0
622,عبد الملك بن سعيد بن جبير,1,1,1,0.000390,0.0001612,0.0001192,2,0
623,بشر بن شعيب,2,1,2,0.000390,0.0001787,0.0001472,1,0
624,موسي بن اعين,1,1,1,0.000390,0.0001509,0.0001320,0,0
625,محمد بن عبد العزيز بن ابي رزمة,1,1,1,0.000390,0.0001516,0.0001275,4,0
626,عروة فسالت هشاما عنه فحدثنا,1,1,1,0.000390,0.0001541,0.0001208,2,0
627,جامع بن شداد,4,2,3,0.000389,0.0001182,0.0001676,0,0
628,ابن علية,14,6,7,0.000387,0.0002592,0.0002719,10,0
629,علقمة بن وقاص,16,6,5,0.000386,0.0003126,0.0001684,1,0
630,عمارة بن عمير,5,4,2,0.000386,0.0001400,0.0001660,4,0
631,عياض بن عبد الله,4,2,3,0.000384,0.0001750,0.0000721,8,0
632,معقل بن يسار,1,2,1,0.000382,0.0001933,0.0012098,0,0
633,عبد الرحمن بن كعب,4,5,2,0.000381,0.0001180,0.0002188,1,0
634,اشعث بن سليم,6,3,2,0.000381,0.0001257,0.0002772,5,0
635,طلحة اليامي,1,1,1,0.000380,0.0001412,0.0000674,12,0
636,معاوية بن قرة,6,5,2,0.000378,0.0001301,0.0001666,5,0
637,ابن السباق,3,3,2,0.000377,0.0001089,0.0001930,1,0
638,عبد الله بن يزيد الخطمي,3,4,2,0.000376,0.0001163,0.0002546,5,0
639,جعفر بن عمرو بن امية,5,3,2,0.000376,0.0001271,0.0001853,1,0
640,ابن قسيط,1,1,1,0.000375,0.0001075,0.0000678,8,0
641,زرارة بن اوفي,5,4,1,0.000375,0.0001476,0.0001955,0,0
642,محمدا كتم شييا,1,1,1,0.000374,0.0005024,0.0001210,3,0
643,عبدالله,5,3,3,0.000373,0.0001150,0.0001984,4,0
644,قرة,5,5,4,0.000373,0.0001268,0.0002135,3,0
645,مروان بن الحكم,9,2,6,0.000373,0.0002762,0.0001825,3,0
646,عبد الحميد بن جبير بن شيبة,2,2,2,0.000373,0.0000981,0.0001909,10,0
647,ابن جابر,4,2,2,0.000372,0.0001536,0.0002935,6,0
648,سالم بن ابي الجعد,22,9,6,0.000372,0.0003949,0.0003128,2,0
649,يحيي بن ابي اسحاق,9,4,7,0.000371,0.0002323,0.0001285,0,0
650,سعيد بن سليمان,11,5,1,0.000368,0.0000936,0.0004064,10,0
651,سعيد بن ابي بردة,7,2,2,0.000368,0.0001552,0.0001888,5,0
652,غندر,107,1,6,0.000368,0.0003264,0.0027391,5,0
653,شبابة,10,2,7,0.000368,0.0002248,0.0002882,5,0
654,عبدة,41,9,10,0.000367,0.0003809,0.0006257,0,0
655,ابن عبد الرحمن بن ابزي,3,2,1,0.000364,0.0001053,0.0001810,5,0
656,الحرير,1,1,1,0.000360,0.0004984,0.0001863,3,0
657,عباية بن رفاعة,8,3,3,0.000360,0.0002846,0.0001931,6,0
658,معمر فراني ابو لبابة,1,3,1,0.000360,0.0000877,0.0002317,3,0
659,مصعب بن سعد,4,3,4,0.000359,0.0001756,0.0001758,5,0
660,اسحاق بن سعيد بن عمرو بن سعيد بن العاص,3,2,3,0.000359,0.0001443,0.0002098,10,0
661,طلحة بن عبد الله,2,2,2,0.000358,0.0001299,0.0001845,9,0
662,ابي عمرو الشيباني,4,4,3,0.000357,0.0003006,0.0001813,16,0
663,يزيد بن ابي مريم,2,2,2,0.000357,0.0001331,0.0001828,6,0
664,ثابت بن عجلان,1,1,1,0.000356,0.0001485,0.0000674,6,0
665,قزعة مولي زياد,2,3,2,0.000355,0.0001045,0.0001733,9,0
666,معبد بن خالد,7,4,2,0.000355,0.0001318,0.0001978,5,0
667,ورقاء,13,7,7,0.000355,0.0002337,0.0002550,2,0
668,بكر بن مضر,8,3,7,0.000354,0.0002008,0.0002223,1,0
669,عبد الله بن عيسي,2,2,2,0.000354,0.0001627,0.0000919,9,0
670,ليث,28,9,6,0.000353,0.0001483,0.0005690,1,0
671,حسان بن عطية,2,2,1,0.000353,0.0001298,0.0002673,2,0
672,عون بن ابي جحيفة,15,2,4,0.000352,0.0003273,0.0002181,5,0
673,عبد الله بن العلاء بن زبر,2,1,1,0.000351,0.0001160,0.0002059,6,0
674,كان ليفرح,1,2,1,0.000351,0.0004199,0.0001705,13,0
675,ابا ادريس,2,2,2,0.000350,0.0001670,0.0001705,6,0
676,ام خالد بنت خالد,4,1,4,0.000350,0.0003972,0.0001623,10,0
677,ابا الرجال محمد بن عبد الرحمن,1,2,1,0.000350,0.0001175,0.0001785,3,0
678,مرة مولي ربيعة بن الحارث,1,4,1,0.000350,0.0001548,0.0001991,7,0
679,جابر بن عبد الله الانصاري,9,1,7,0.000350,0.0003457,0.0001623,2,0
680,اياس بن سلمة بن الاكوع,3,2,3,0.000350,0.0002375,0.0001705,7,0
681,حديثها,1,1,1,0.000350,0.0003324,0.0001623,17,0
682,وهيب بن خالد,2,2,1,0.000350,0.0000905,0.0001828,5,0
683,محمد بن سعد بن ابي وقاص,2,2,1,0.000350,0.0001594,0.0001705,1,0
684,عبد الله بن عمر سيل,1,1,1,0.000350,0.0001585,0.0001623,11,0
685,عمرو بن سليم الانصاري,1,1,1,0.000350,0.0001501,0.0001623,5,0
686,المدينة,1,2,1,0.000350,0.0001667,0.0001705,2,0
687,العلاء بن المسيب,2,2,2,0.000350,0.0001013,0.0002181,9,0
688,ابو بكر بن عبد الرحمن بن الحارث بن هشام,1,1,1,0.000350,0.0000907,0.0001623,1,0
689,خالد بن سعيد,2,1,1,0.000350,0.0001359,0.0001623,4,0
690,ابا عمران الجوني,1,1,1,0.000350,0.0000909,0.0001623,0,0
691,سنين ابي جميلة,1,1,1,0.000350,0.0000907,0.0001623,1,0
692,عبد الله بن الحارث بن نوفل,2,2,1,0.000350,0.0001023,0.0001705,9,0
693,السايب بن يزيد ابن اخت نمر,1,1,1,0.000350,0.0000907,0.0001623,1,0
694,سمي مولي ابي بكر بن عبد الرحمن بن الحارث بن هشام بن المغيرة,2,1,1,0.000350,0.0000831,0.0001623,8,0
695,عبد الله بن سالم الحمصي,1,1,1,0.000350,0.0000780,0.0001623,8,0
696,ابي النجاشي مولي رافع بن خديج,1,1,1,0.000350,0.0001038,0.0001623,6,0
697,رجل للبراء بن عازب افررتم,1,1,1,0.000350,0.0000970,0.0001623,5,0
698,جندب بن عبد الله في,1,1,1,0.000350,0.0001356,0.0001623,0,0
699,اخبر رافع بن خديج عبد الله بن عمر,1,2,1,0.000350,0.0000917,0.0001705,11,0
700,مسروق بن الاجدع,2,2,1,0.000350,0.0001081,0.0001705,4,0
701,مجزاة بن زاهر الاسلمي,1,2,1,0.000350,0.0000948,0.0001705,5,0
702,كاد الخيران,1,2,1,0.000350,0.0001029,0.0001705,2,0
703,توبة,1,1,1,0.000350,0.0000851,0.0001623,5,0
704,محمد بن ابراهيم القرشي,1,1,1,0.000350,0.0000834,0.0001623,6,0
705,عبد الرحمن بن عبد الله بن كعب,4,3,1,0.000350,0.0001142,0.0002443,1,0
706,محمد بن عبد الله بن عبد الرحمن بن ابي صعصعة,2,2,1,0.000350,0.0000831,0.0001770,8,0
707,واقد,3,2,2,0.000350,0.0001117,0.0002009,11,0
708,محمد بن ابي القاسم,1,1,1,0.000350,0.0000982,0.0001643,2,0
709,عبد الحميد بن عبد الرحمن بن زيد بن الخطاب,2,2,1,0.000350,0.0000960,0.0001780,1,0
710,احمد بن ابي شعيب,1,1,1,0.000350,0.0000860,0.0001754,0,0
711,سعيد بن مروان,1,1,1,0.000350,0.0000869,0.0001714,4,0
712,ال عروة,1,1,1,0.000350,0.0000898,0.0001657,2,0
713,سفيان {,1,1,1,0.000350,0.0000823,0.0001643,2,0
714,عيسي بن طلحة,6,4,4,0.000349,0.0001739,0.0002415,1,0
715,ابو بردة بن عبد الله بن ابي بردة,2,2,2,0.000348,0.0001443,0.0001179,12,0
716,ابو عبيد,1,1,1,0.000347,0.0001038,0.0001144,6,0
717,المكي,4,4,2,0.000345,0.0001920,0.0001526,11,0
718,وحدث نافع,1,2,1,0.000343,0.0001479,0.0001293,10,0
719,سيار,8,4,2,0.000341,0.0001773,0.0002378,10,0
720,يحيي بن كثير ابو غسان,1,2,1,0.000339,0.0000824,0.0001626,11,0
721,من حدثك,1,1,1,0.000334,0.0004984,0.0001659,3,0
722,يعقوب بن ابراهيم بن سعد,5,2,3,0.000333,0.0000991,0.0002569,10,0
723,زينب بنت ام سلمة,3,3,3,0.000333,0.0001169,0.0001394,3,0
724,الليث بن سعد,3,3,3,0.000333,0.0001082,0.0001513,11,0
725,سالم بن عبد الله بن عمر,6,3,4,0.000332,0.0001819,0.0001425,11,0
726,سعيد بن ميناء,7,3,4,0.000331,0.0003059,0.0000893,2,0
727,كهمس بن الحسن,2,1,4,0.000330,0.0001824,0.0001191,0,0
728,الحسين,13,5,3,0.000330,0.0001379,0.0004572,0,0
729,الحجاج,3,2,2,0.000329,0.0000972,0.0001578,1,0
730,ابو معاوية,28,6,9,0.000329,0.0002539,0.0005544,0,0
731,عباس بن سهل,2,2,2,0.000328,0.0001097,0.0001347,9,0
732,موسي بن ابي عايشة,11,3,5,0.000324,0.0001866,0.0001820,2,0
733,هاشم بن القاسم,4,4,3,0.000324,0.0001313,0.0002040,3,0
734,عبد العزيز بن صهيب,26,3,7,0.000324,0.0003284,0.0002315,0,0
735,شهدنا مع النبي حنينا,1,1,1,0.000323,0.0009764,0.0000954,3,0
736,ابيه ⟨ابراهيم بن سعد⟩,22,10,1,0.000323,0.0001855,0.0006212,1,1
737,عمير بن هاني,4,2,2,0.000322,0.0001951,0.0001983,6,0
738,صفية زوج النبي,2,1,2,0.000321,0.0001376,0.0005354,1,0
739,انس كان للنبي ناقة,1,1,1,0.000320,0.0000922,0.0001210,0,0
740,عبيد بن حنين,9,3,4,0.000320,0.0002234,0.0001105,2,0
741,عمه ⟨ابن اخي ابن شهاب⟩,8,8,1,0.000319,0.0001804,0.0003670,10,1
742,اشعث بن ابي الشعثاء,3,2,2,0.000317,0.0001291,0.0001978,5,0
743,معاذ,8,3,4,0.000316,0.0002530,0.0002277,0,0
744,هاشم بن هاشم,5,1,4,0.000316,0.0003993,0.0001347,1,0
745,يحيي بن حسان,2,2,2,0.000314,0.0001328,0.0001401,5,0
746,معاوية بن سويد بن مقرن,9,3,5,0.000314,0.0003006,0.0003898,5,0
747,المقداد بن الاسود,1,1,1,0.000314,0.0001127,0.0003538,10,0
748,ابن المسيب,20,7,3,0.000311,0.0002901,0.0002359,1,0
749,خالد بن عبد الله,14,8,6,0.000310,0.0001340,0.0003848,0,0
750,الاشجعي,1,1,1,0.000310,0.0001052,0.0000855,4,0
751,وهب بن كيسان,9,4,6,0.000310,0.0002092,0.0001431,2,0
752,خليفة,4,4,2,0.000310,0.0001185,0.0001975,0,0
753,عمرة,15,2,8,0.000310,0.0002851,0.0001268,3,0
754,جعفر,6,4,3,0.000307,0.0001507,0.0001799,1,0
755,سعد الطايي,1,1,1,0.000306,0.0000948,0.0001142,9,0
756,ابي شريح العدوي,3,2,3,0.000306,0.0001292,0.0001436,7,0
757,علقمة بن وقاص الليثي,4,3,3,0.000306,0.0001922,0.0001269,6,0
758,زرا,1,1,1,0.000305,0.0001115,0.0000756,4,0
759,الاشعث بن سليم,4,3,2,0.000305,0.0001053,0.0002723,5,0
760,ابيه ⟨عبد الرحمن بن عبد الله بن دينار⟩,5,4,1,0.000305,0.0003099,0.0000868,10,1
761,وهب,7,3,5,0.000304,0.0001490,0.0002737,5,0
762,سليم بن حيان,6,3,5,0.000304,0.0001429,0.0001751,2,0
763,اسماعيل ابن علية,7,6,5,0.000303,0.0001945,0.0001744,10,0
764,عطاء بن يزيد الليثي,14,8,3,0.000303,0.0002546,0.0001952,1,0
765,ابي ادريس الخولاني,3,3,2,0.000303,0.0001126,0.0001525,1,0
766,موسي بن هارون,1,1,1,0.000301,0.0001068,0.0001087,6,0
767,داود بن ابي الفرات,5,2,4,0.000300,0.0001205,0.0002435,0,0
768,عبد الملك بن عمرو,2,2,1,0.000299,0.0000902,0.0001785,3,0
769,ثور بن يزيد,2,1,2,0.000298,0.0001263,0.0002322,7,0
770,طارق,3,2,3,0.000296,0.0001194,0.0000827,12,0
771,ابي ⟨معتمر⟩,18,8,1,0.000296,0.0003426,0.0002886,0,1
772,ابي ⟨عبد الصمد⟩,7,7,1,0.000294,0.0001476,0.0002670,10,1
773,يحيي بن سعيد الانصاري,5,5,5,0.000293,0.0001730,0.0001202,3,0
774,يزيد بن ابي عبيد,32,2,10,0.000291,0.0004532,0.0002508,2,0
775,الاشعث,4,3,2,0.000290,0.0001112,0.0002446,5,0
776,اسحاق بن عبد الله,10,5,5,0.000290,0.0002277,0.0001481,0,0
777,بريد,23,2,2,0.000289,0.0002005,0.0002474,12,0
778,ابن طاوس,32,2,4,0.000287,0.0005572,0.0002155,9,0
779,امه ⟨منصور ابن صفية⟩,3,2,1,0.000284,0.0001723,0.0001216,4,1
780,يزيد بن رومان,5,2,4,0.000283,0.0001440,0.0001240,3,0
781,اسماعيل بن مجالد,2,2,2,0.000282,0.0001863,0.0001339,8,0
782,سعيد بن يسار,3,1,2,0.000281,0.0001987,0.0000684,7,0
783,بشر بن خالد,13,3,1,0.000280,0.0000851,0.0005171,13,0
784,ابي صالح السمان,15,2,5,0.000279,0.0003436,0.0001107,7,0
785,زر بن حبيش,2,2,3,0.000279,0.0001443,0.0000937,0,0
786,سفيان كان عمرو بن دينار,1,1,1,0.000279,0.0001272,0.0000810,4,0
787,ابو اسحاق الفزاري,2,2,2,0.000278,0.0001802,0.0000880,12,0
788,صفية بنت شيبة,3,1,2,0.000278,0.0001985,0.0000775,3,0
789,الوليد بن عيزار,1,1,1,0.000277,0.0000851,0.0001775,16,0
790,عمرو مولي المطلب,4,1,3,0.000277,0.0001662,0.0000791,0,0
791,عامر بن سعد بن ابي وقاص,7,3,3,0.000276,0.0001565,0.0001503,1,0
792,حفص بن عمر,60,5,1,0.000275,0.0001786,0.0015153,5,0
793,شقيقا,2,2,2,0.000275,0.0001573,0.0000773,4,0
794,عيسي بن طهمان,3,1,3,0.000275,0.0001812,0.0000671,4,0
795,خالد بن عبد الرحمن,1,1,1,0.000271,0.0001068,0.0001080,15,0
796,نافع بن جبير,9,3,4,0.000271,0.0002175,0.0001294,2,0
797,عمه ⟨مالك⟩,1,1,1,0.000269,0.0000805,0.0001282,8,1
798,نافع بن عمر,12,1,7,0.000269,0.0002075,0.0003600,2,0
799,ابيه ⟨معتمر⟩,10,7,1,0.000268,0.0002249,0.0002153,0,1
800,محمد بن زياد,23,4,3,0.000267,0.0003191,0.0001809,5,0
801,حيوة بن شريح,3,2,2,0.000266,0.0001687,0.0002436,3,0
802,سعيد هو ابن ابي ايوب,3,3,2,0.000264,0.0001599,0.0001281,14,0
803,فراس,9,2,6,0.000264,0.0002142,0.0002146,9,0
804,يعقوب بن عبد الرحمن,15,3,5,0.000263,0.0001542,0.0002171,13,0
805,محمد بن جبير بن مطعم,9,2,4,0.000263,0.0001665,0.0018514,1,0
806,سهل بن يوسف,3,3,3,0.000263,0.0000892,0.0001551,5,0
807,حنظلة الزرقي,2,2,2,0.000262,0.0000900,0.0001258,6,0
808,بشير بن يسار مولي بني حارثة,2,3,2,0.000260,0.0001124,0.0001325,6,0
809,ابان,3,3,1,0.000257,0.0000825,0.0001526,9,0
810,محمود بن الربيع الانصاري,5,3,1,0.000256,0.0001233,0.0001705,1,0
811,عبدة بن ابي لبابة,4,3,3,0.000256,0.0001857,0.0001639,6,0
812,عبد الوهاب الثقفي,8,3,5,0.000256,0.0001827,0.0002085,0,0
813,من شهد مع النبي خيبر,1,1,1,0.000256,0.0001609,0.0000810,1,0
814,المقبري,6,4,2,0.000255,0.0001361,0.0001727,7,0
815,محمد بن ابراهيم بن الحارث,4,4,4,0.000255,0.0001632,0.0001328,6,0
816,طاوسا,5,1,3,0.000254,0.0001804,0.0000772,2,0
817,هلال بن اسامة,2,2,2,0.000253,0.0001649,0.0000820,1,0
818,عثمان بن الاسود,4,1,4,0.000253,0.0001944,0.0001621,2,0
819,ابي امامة بن سهل,4,4,2,0.000253,0.0001217,0.0001287,1,0
820,محمد بن ابي عتيق,12,1,2,0.000251,0.0003002,0.0003149,1,0
821,بريد بن عبد الله,16,1,4,0.000250,0.0002795,0.0001453,12,0
822,ابي وهو,1,1,1,0.000250,0.0001539,0.0000756,5,0
823,رواه موسي بن عقبة وابن ابي رواد,1,1,1,0.000250,0.0003339,0.0000752,11,0
824,حبيب,6,5,4,0.000248,0.0001558,0.0002066,4,0
825,ابو بكر بن عياش,3,2,3,0.000248,0.0001943,0.0001006,4,0
826,محمد بن سواء,2,2,2,0.000248,0.0001741,0.0001065,0,0
827,عزرة بن ثابت,2,2,2,0.000247,0.0001565,0.0000966,0,0
828,صفوان بن محرز,6,1,2,0.000246,0.0001951,0.0001104,0,0
829,سعيد بن ابي ايوب,5,3,3,0.000245,0.0001203,0.0002197,14,0
830,محمد بن الوليد الزبيدي,1,1,1,0.000244,0.0003152,0.0000810,3,0
831,قيس بن عباد,9,3,4,0.000244,0.0003651,0.0001334,0,0
832,قيسا,3,3,2,0.000244,0.0001099,0.0001333,8,0
833,عبد ربه بن سعيد,5,4,5,0.000244,0.0001156,0.0001487,4,0
834,ابيه ⟨محمد بن جبير بن مطعم⟩,8,1,1,0.000242,0.0002036,0.0020795,1,1
835,ابيه ⟨ابي سهيل⟩,3,2,1,0.000242,0.0001693,0.0000926,8,1
836,مغيرة,11,7,5,0.000242,0.0001650,0.0002163,9,0
837,محمد بن بشر,7,4,5,0.000241,0.0001297,0.0003313,8,0
838,جابر بن سمرة,7,1,3,0.000241,0.0002301,0.0000777,9,0
839,عبيد الله بن حفص,1,1,1,0.000240,0.0000898,0.0001440,11,0
840,عبيد بن عمير,7,1,2,0.000239,0.0004601,0.0000822,2,0
841,جعيد,1,1,1,0.000239,0.0001669,0.0000679,3,0
842,سليمان الاعمش,3,3,2,0.000239,0.0001622,0.0000990,5,0
843,عبد الحميد صاحب الزيادي,3,3,3,0.000238,0.0000964,0.0001321,0,0
844,حفص بن ميسرة,2,2,2,0.000238,0.0001465,0.0000874,3,0
845,الفضيل بن سليمان,6,3,4,0.000238,0.0001877,0.0001387,0,0
846,اخي ⟨اسماعيل⟩,20,4,1,0.000237,0.0001727,0.0004466,8,1
847,فضيل بن غزوان,5,4,3,0.000237,0.0001295,0.0001455,6,0
848,عنبسة,9,1,3,0.000236,0.0001848,0.0002614,1,0
849,افلح بن حميد,4,2,3,0.000235,0.0001567,0.0000996,3,0
850,محمد بن ابي المجالد,2,1,2,0.000235,0.0001188,0.0013538,5,0
851,عايشة بنت طلحة,5,2,2,0.000234,0.0002816,0.0000888,3,0
852,ام حبيبة بنت ابي سفيان,2,2,1,0.000234,0.0001192,0.0001436,3,0
853,شريك بن عبد الله,4,4,4,0.000234,0.0001103,0.0001370,0,0
854,ابي ⟨وهب بن جرير⟩,9,7,1,0.000233,0.0002441,0.0002772,3,1
855,ابي رافع,13,1,6,0.000232,0.0004472,0.0000841,7,0
856,اسماعيل بن زكرياء,8,5,3,0.000231,0.0005190,0.0002198,0,0
857,عباد بن العوام,2,2,2,0.000230,0.0001650,0.0001183,0,0
858,بشيرا,2,2,2,0.000230,0.0000900,0.0001275,6,0
859,حمزة,4,2,3,0.000230,0.0001305,0.0001475,1,0
860,زهدم بن مضرب,4,1,3,0.000230,0.0002811,0.0001261,0,0
861,ابي ⟨عبد الرحمن بن القاسم + ما بالمدينة يوميذ افضل منه⟩,1,1,2,0.000230,0.0001639,0.0000679,3,1
862,عمه ⟨مالك بن انس⟩,1,1,1,0.000229,0.0000852,0.0001282,8,1
863,ابن س لام,1,1,1,0.000229,0.0010293,0.0000905,7,0
864,ابا معبد مولي ابن عباس,2,1,2,0.000229,0.0001997,0.0000688,2,0
865,حبيب بن الشهيد,2,1,2,0.000228,0.0001753,0.0001126,0,0
866,وراد مولي المغيرة بن شعبة,3,1,3,0.000228,0.0002227,0.0000677,6,0
867,عبيدة بن حميد,2,2,2,0.000228,0.0001505,0.0001132,9,0
868,ابن الزبير,2,1,2,0.000227,0.0001752,0.0000718,2,0
869,ابي زرعة بن عمرو بن جرير,3,2,3,0.000226,0.0001575,0.0000821,7,0
870,طلحة بن مصرف,3,1,2,0.000226,0.0001546,0.0000717,12,0
871,الفضيل بن غزوان,1,1,1,0.000226,0.0001211,0.0000678,2,0
872,الحارث بن شبيل,2,1,2,0.000226,0.0000977,0.0001401,16,0
873,ابو رجاء العطاردي,2,1,2,0.000226,0.0001860,0.0000688,2,0
874,ابا زرعة بن عمرو بن جرير,2,2,1,0.000225,0.0001233,0.0001305,5,0
875,ابيه ⟨اسحاق بن سعيد⟩,2,2,1,0.000225,0.0001718,0.0001002,10,1
876,ابي ⟨يعقوب بن ابراهيم⟩,26,5,1,0.000225,0.0002230,0.0006781,10,1
877,الوليد بن كثير,3,3,3,0.000225,0.0000987,0.0002044,12,0
878,عفان بن مسلم,4,3,3,0.000225,0.0000947,0.0001515,9,0
879,يحيي بن سليم,2,1,2,0.000224,0.0001659,0.0001309,2,0
880,عياش,7,1,1,0.000224,0.0005024,0.0002155,0,0
881,عبد الرحمن بن ابي الموالي,3,1,3,0.000224,0.0001793,0.0001039,2,0
882,هلال بن علي,19,4,3,0.000224,0.0004765,0.0001778,10,0
883,ابي التياح,18,5,2,0.000223,0.0001865,0.0003001,0,0
884,ابيه ⟨ابن طاوس⟩,31,3,1,0.000223,0.0005373,0.0001472,9,1
885,حماد بن اسامة,4,4,2,0.000222,0.0000863,0.0001588,12,0
886,مسروقا,4,1,2,0.000222,0.0002382,0.0001781,5,0
887,المفضل بن فضالة,2,1,2,0.000221,0.0001464,0.0001005,1,0
888,عامر الشعبي,1,1,1,0.000221,0.0002038,0.0000807,12,0
889,ابن ابي لبيد,1,1,1,0.000221,0.0006169,0.0000721,7,0
890,الانصاري,4,4,2,0.000220,0.0000867,0.0001763,0,0
891,عمر بن سعيد بن ابي حسين,6,3,4,0.000220,0.0002028,0.0002112,2,0
892,عبد الله بن كعب بن مالك,9,2,6,0.000220,0.0001990,0.0001089,1,0
893,محمد بن مقاتل ابو الحسن,16,3,1,0.000220,0.0001038,0.0003370,4,0
894,ابو مجاهد,2,2,1,0.000220,0.0002148,0.0001708,9,0
895,ابيه ⟨اسحاق بن سعيد بن عمرو بن سعيد بن العاص⟩,2,1,1,0.000219,0.0001592,0.0000752,10,1
896,اصبغ,16,3,1,0.000219,0.0001587,0.0004776,1,0
897,ابي شريح الخزاعي,1,2,1,0.000219,0.0000878,0.0001436,7,0
898,زهدم الجرمي,2,1,2,0.000219,0.0001247,0.0000657,0,0
899,علي بن المبارك,13,2,6,0.000219,0.0002566,0.0002946,6,0
900,ابيه ⟨عبد الرحمن بن المغيرة⟩,1,1,1,0.000219,0.0001719,0.0000780,7,1
901,ابيه ⟨ابراهيم بن يوسف⟩,8,1,1,0.000219,0.0003760,0.0001996,5,1
902,ابي ⟨ابراهيم بن يوسف⟩,1,1,1,0.000219,0.0001151,0.0000802,5,1
903,ابو عبد الله اسمه عبد الله بن ابي عتبة,1,1,1,0.000218,0.0001558,0.0000962,0,0
904,ابي الطفيل,1,1,1,0.000218,0.0001478,0.0001011,4,0
905,املي علي المغيرة بن شعبة في كتاب,1,1,1,0.000218,0.0001830,0.0000967,9,0
906,مرة الهمداني,4,2,2,0.000218,0.0001867,0.0000767,5,0
907,ابي ⟨ابراهيم بن يوسف بن ابي اسحاق⟩,2,1,1,0.000218,0.0001747,0.0000973,5,1
908,ابيه ⟨يزيد بن عبد العزيز⟩,1,1,1,0.000218,0.0001554,0.0000990,3,1
909,زهير بن معاوية,2,1,2,0.000218,0.0001531,0.0001104,5,0
910,ابيه ⟨عبد الرحمن هو ابن عبد الله بن دينار⟩,4,2,1,0.000218,0.0001857,0.0000865,10,1
911,ابي ⟨ابراهيم بن يوسف بن اسحاق بن ابي اسحاق⟩,1,1,1,0.000217,0.0001735,0.0000802,5,1
912,ابيه ⟨عون بن ابي جحيفة⟩,10,1,1,0.000217,0.0003103,0.0001205,5,1
913,جده ⟨عمرو بن يحيي بن سعيد بن عمرو المكي⟩,1,1,1,0.000217,0.0001551,0.0000657,7,1
914,فذكرته لابراهيم فحدثني ابراهيم,1,1,1,0.000217,0.0001765,0.0001024,1,0
915,المحاربي,2,2,2,0.000217,0.0001659,0.0002301,0,0
916,حاتم بن وردان,2,1,2,0.000217,0.0001483,0.0001005,0,0
917,عثمان بن ابي رواد اخي عبدالعزيز,1,1,1,0.000217,0.0001621,0.0000810,10,0
918,بشير بن يسار الانصاري,1,1,1,0.000217,0.0001642,0.0000671,4,0
919,هشام الدستوايي,1,1,1,0.000217,0.0001509,0.0000740,0,0
920,مطرف بن عبد الله بن الشخير,1,1,1,0.000217,0.0001501,0.0000789,0,0
921,ابيه ⟨عمرو بن يحيي بن عمارة⟩,1,1,1,0.000217,0.0001676,0.0000962,6,1
922,ابي ⟨عمي⟩,1,1,1,0.000217,0.0001625,0.0000842,1,1
923,ابي ⟨محمد بن موسي بن اعين⟩,1,1,1,0.000217,0.0001625,0.0000878,5,1
924,ابيه ⟨محمد بن حمزة بن عمرو الاسلمي⟩,1,1,1,0.000217,0.0001487,0.0000718,2,1
925,ابيه ⟨ابو سهيل⟩,1,1,1,0.000217,0.0001523,0.0000679,3,1
926,هارون المقري,1,1,1,0.000216,0.0001719,0.0001208,2,0
927,ابي ⟨يحيي بن زكرياء بن ابي زايدة⟩,1,1,1,0.000216,0.0001551,0.0000802,10,1
928,سعيد بن عبيد الله,1,1,1,0.000216,0.0001484,0.0000844,0,0
929,ابيه ⟨عمرو بن يحيي المازني⟩,5,2,1,0.000216,0.0001656,0.0000706,8,1
930,تذاكرنا عند ابي الضحي,1,1,1,0.000216,0.0001653,0.0000659,2,0
931,سهل بن ابي حثمة الانصاري من بني حارثة,1,1,1,0.000216,0.0001475,0.0000744,14,0
932,المغيرة بن عبد الرحمن,2,2,2,0.000216,0.0001442,0.0000776,1,0
933,شيبة,1,1,1,0.000216,0.0001568,0.0003569,4,0
934,ابيه ⟨عبد الرحمن بن عبد الله بن دينار مولي ابن عمر⟩,1,1,1,0.000216,0.0001524,0.0000752,10,1
935,عمي ⟨عبيد الله بن سعد⟩,1,1,1,0.000216,0.0001438,0.0001678,11,1
936,عمر بن يونس,1,1,1,0.000216,0.0001438,0.0001652,0,0
937,منصور بن سعد,1,1,1,0.000216,0.0001474,0.0001202,0,0
938,ابيه ⟨عبد الله بن سعيد هو ابن ابي هند⟩,1,1,1,0.000216,0.0001461,0.0000659,2,1
939,ابي ⟨معاذ بن هشام⟩,7,2,1,0.000216,0.0001595,0.0001505,0,1
940,ابيه ⟨عاصم بن محمد بن زيد⟩,2,1,1,0.000216,0.0001706,0.0000872,6,1
941,ابن بلال,1,1,1,0.000216,0.0001461,0.0000720,10,0
942,ابيه ⟨عبد الرحمن بن عبد الله بن عبد الرحمن بن ابي صعصعة⟩,6,2,1,0.000216,0.0001614,0.0000737,8,1
943,ابيه ⟨اسحاق بن سعيد بن عمرو⟩,1,1,1,0.000216,0.0001579,0.0000825,10,1
944,ابي ⟨ابي وعمي⟩,1,1,1,0.000216,0.0001625,0.0001105,1,1
945,مجاهدا اخبرهما,1,1,1,0.000216,0.0001541,0.0000740,2,0
946,ابن موهب,1,1,1,0.000216,0.0001625,0.0000667,3,0
947,ابي ⟨العلاء بن المسيب⟩,1,1,1,0.000216,0.0001208,0.0001205,9,1
948,ابو قتيبة سلم بن قتيبة,1,1,1,0.000216,0.0001438,0.0001419,5,0
949,شاذان اخو عبدان,1,1,1,0.000216,0.0001438,0.0001466,5,0
950,ابي ⟨عمر بن محمد بن حسن⟩,1,1,1,0.000216,0.0001438,0.0001279,3,1
951,ابو معشر البصري هو صدوق يوسف بن يزيد البراء,1,1,1,0.000216,0.0001438,0.0001377,2,0
952,اسحاق هو الازرق,1,1,1,0.000216,0.0001438,0.0001558,10,0
953,عمرو بن عاصم الكلابي,1,1,1,0.000216,0.0001438,0.0000796,0,0
954,الانصاري محمد,1,1,1,0.000216,0.0001438,0.0001272,0,0
955,ابراهيم هو ابن طهمان,1,1,1,0.000216,0.0001479,0.0000709,2,0
956,سعيدا المقبري,1,1,1,0.000216,0.0002100,0.0000693,3,0
957,ابيه ⟨خثيم بن عراك بن مالك⟩,1,1,1,0.000216,0.0001765,0.0000657,7,1
958,ابيه ⟨عبد الله بن طاوس⟩,6,1,1,0.000216,0.0001886,0.0000800,2,1
959,ابي ⟨عمر بن حفص بن غياث⟩,31,2,1,0.000216,0.0001438,0.0006392,4,1
960,خالد بن مخلد,30,4,1,0.000216,0.0001438,0.0006175,5,0
961,ابي ⟨سعيد بن يحيي بن سعيد القرشي⟩,2,2,1,0.000216,0.0001438,0.0001468,12,1
962,ابراهيم بن حميد,5,1,1,0.000216,0.0001438,0.0002886,8,0
963,ابو روح الحرمي بن عمارة,1,1,1,0.000216,0.0001438,0.0000881,5,0
964,معلي,4,2,1,0.000216,0.0001438,0.0001272,9,0
965,ابي ⟨سعيد بن يحيي⟩,2,2,1,0.000216,0.0001438,0.0001104,4,1
966,ابي ⟨محمد بن عبدالله⟩,3,1,1,0.000216,0.0001438,0.0001003,0,1
967,ابي ⟨محمد بن عبدالله الانصاري⟩,1,1,1,0.000216,0.0001438,0.0000755,0,1
968,ابي ⟨محمد بن عبدالله بن المثني الانصاري⟩,1,1,1,0.000216,0.0001438,0.0000826,0,1
969,ابي ⟨عمر بن محمد بن الحسن الاسدي⟩,1,1,1,0.000216,0.0001438,0.0001179,4,1
970,ابو معشر,1,1,1,0.000216,0.0001438,0.0001020,12,0
971,ابي ⟨سعيد بن يحيي بن سعيد⟩,2,2,1,0.000216,0.0001438,0.0001157,2,1
972,محمد بن ابراهيم بن دينار,1,1,1,0.000216,0.0001438,0.0000816,7,0
973,محمد بن عبد الرحمن الطفاوي,2,2,1,0.000216,0.0001438,0.0000912,3,0
974,ابي ⟨احمد بن شبيب⟩,3,1,1,0.000216,0.0001438,0.0001292,1,1
975,ابي ⟨محمد بن عبدالله بن المثني⟩,1,1,1,0.000216,0.0001438,0.0000826,0,1
976,ابي ⟨عبد الله بن عثمان بن جبلة⟩,1,1,1,0.000216,0.0001438,0.0000881,5,1
977,ابو سعيد مولي بني هاشم,1,1,1,0.000216,0.0001438,0.0000827,11,0
978,ابي ⟨عبدان بن عثمان⟩,2,1,1,0.000216,0.0001438,0.0001131,5,1
979,حجاج بن محمد الاعور بالمصيصة,1,1,1,0.000216,0.0001438,0.0000881,5,0
980,حزم,1,1,1,0.000216,0.0001438,0.0001045,0,0
981,حجين بن المثني,1,1,1,0.000216,0.0001438,0.0001100,0,0
982,يحيي بن سعيد الاموي,1,1,1,0.000216,0.0001438,0.0000967,2,0
983,زياد بن نافع,1,1,1,0.000216,0.0001438,0.0000657,12,0
984,الحسن بن محمد بن اعين ابو علي الحراني,1,1,1,0.000216,0.0001438,0.0000830,5,0
985,النضر بن محمد,1,1,1,0.000216,0.0001438,0.0001001,11,0
986,عبد المجيد,1,1,1,0.000216,0.0001438,0.0000827,0,0
987,احمد بن محمد بن حنبل بن هلال,1,1,1,0.000216,0.0001438,0.0001080,0,0
988,عبيد الله الاشجعي,1,1,1,0.000216,0.0001438,0.0000855,4,0
989,ابي ⟨منذر بن الوليد بن عبد الرحمن الجارودي⟩,1,1,1,0.000216,0.0001438,0.0000881,5,1
990,ابو سفيان الحميري سعيد بن يحيي بن مهدي,1,1,1,0.000216,0.0001438,0.0000990,0,0
991,ابو يحيي الحماني,1,1,1,0.000216,0.0001438,0.0000791,12,0
992,ابي ⟨احمد بن ابي عمرو⟩,1,1,1,0.000216,0.0001438,0.0000757,4,1
993,الحجاج بن محمد,1,1,1,0.000216,0.0001438,0.0000967,2,0
994,قراد ابو نوح,1,1,1,0.000216,0.0001438,0.0000851,0,0
995,عبد الرحمن بن ابي الموال,1,1,1,0.000216,0.0001438,0.0000767,2,0
996,حماد بن سلمة,1,1,1,0.000216,0.0001438,0.0000721,0,0
997,ابي ⟨احمد بن شبيب بن سعيد الحبطي⟩,1,1,1,0.000216,0.0001438,0.0000852,1,1
998,روحا,1,1,1,0.000216,0.0001438,0.0000827,0,0
999,عقبة بن خالد,1,1,1,0.000216,0.0001438,0.0000754,11,0
1000,ابي ⟨مالكا يسال زيد بن اسلم⟩,1,1,1,0.000216,0.0001514,0.0000718,2,1
1001,طلحة بن عبد الله رجل من بني تيم بن مرة,1,1,1,0.000216,0.0001045,0.0000679,5,0
1002,مالك بن سعير,2,2,2,0.000216,0.0001932,0.0000855,3,0
1003,ابي ⟨محمد بن معن⟩,1,1,1,0.000216,0.0001448,0.0000710,7,1
1004,ابيه ⟨عاصم بن محمد بن زيد بن عبد الله بن عمر⟩,2,1,1,0.000216,0.0001523,0.0000752,4,1
1005,ابيه ⟨عبد الله بن سعيد بن جبير⟩,3,1,1,0.000216,0.0001706,0.0000716,2,1
1006,ابي ⟨عيسي بن حفص بن عاصم⟩,1,1,1,0.000216,0.0001487,0.0000752,6,1
1007,ابيه ⟨ابراهيم بن محمد بن المنتشر⟩,3,1,1,0.000216,0.0001611,0.0000679,5,1
1008,ابيه ⟨نافع بن مالك بن ابي عامر ابو سهيل⟩,2,1,1,0.000216,0.0001608,0.0000684,7,1
1009,ابي ⟨احمد بن شبيب بن سعيد⟩,5,1,1,0.000216,0.0005537,0.0001733,1,1
1010,ابيه ⟨محمد بن عبد الرحمن بن ابي صعصعة المازني⟩,1,1,1,0.000216,0.0001461,0.0000647,8,1
1011,ابي ⟨خثيم بن عراك⟩,1,1,1,0.000216,0.0001495,0.0000657,6,1
1012,امراة,2,1,2,0.000216,0.0005812,0.0004040,2,0
1013,المحصب فحدثنا عبيد الله,1,1,1,0.000216,0.0001529,0.0000752,11,0
1014,اخيه ⟨وهب بن منبه⟩,1,1,1,0.000216,0.0001505,0.0000693,4,1
1015,ابي سفيان مولي ابن ابي احمد,1,1,1,0.000216,0.0001461,0.0000647,8,0
1016,ابي سفيان مولي ابي احمد,1,1,1,0.000216,0.0001461,0.0000657,7,0
1017,ابيه ⟨المقبري {⟩,1,1,1,0.000216,0.0001531,0.0000657,7,1
1018,ابيه ⟨ابي سهيل نافع بن مالك بن ابي عامر⟩,2,1,1,0.000216,0.0001608,0.0000684,7,1
1019,امه ⟨ابي الرجال محمد بن عبد الرحمن⟩,1,1,1,0.000216,0.0001495,0.0000679,3,1
1020,حسن بن محمد,1,1,1,0.000216,0.0001536,0.0000973,2,0
1021,ابيه ⟨يحيي بن ابي زايدة⟩,1,1,1,0.000216,0.0001554,0.0000802,3,1
1022,ابيه ⟨ابن سعيد بن جبير⟩,1,1,1,0.000216,0.0001616,0.0000659,2,1
1023,الحي يحدثون,1,1,1,0.000216,0.0001514,0.0000705,3,0
1024,ابو يزيد المدني,1,1,1,0.000216,0.0001473,0.0000678,2,0
1025,جدي ⟨عمرو بن يحيي بن سعيد⟩,2,1,1,0.000216,0.0001472,0.0000657,9,1
1026,مقسما مولي عبد الله بن الحارث,2,1,1,0.000216,0.0001644,0.0000688,2,0
1027,ابي ⟨بشر بن شعيب بن ابي حمزة⟩,1,1,1,0.000216,0.0001483,0.0000810,10,1
1028,مسكين,1,1,1,0.000216,0.0001509,0.0000881,0,0
1029,انا من ابي سلمة,1,1,1,0.000216,0.0001596,0.0001206,2,0
1030,ابيه ⟨عمر بن محمد العسقلاني⟩,1,1,1,0.000216,0.0001546,0.0000752,11,1
1031,عبيد بن حنين مولي بني زريق,1,1,1,0.000216,0.0001523,0.0000657,7,0
1032,ابيه ⟨عثمان بن عروة⟩,1,1,1,0.000216,0.0001522,0.0000679,3,1
1033,وراد,1,1,1,0.000216,0.0001517,0.0000771,9,0
1034,ابي ⟨واقد بن محمد بن زيد⟩,1,1,1,0.000216,0.0001501,0.0000752,11,1
1035,جده ⟨ابي بردة بن عبد الله بن ابي بردة⟩,1,1,1,0.000216,0.0001514,0.0000657,12,1
1036,ابيه ⟨عبد الرحمن بن عبد الله بن عبد الرحمن⟩,1,1,1,0.000216,0.0001461,0.0000675,7,1
1037,ابي الغيث مولي ابن مطيع,1,1,1,0.000216,0.0001461,0.0000657,7,0
1038,هزيل,2,1,1,0.000216,0.0001589,0.0000756,4,0
1039,ابيه ⟨واقد بن عبد الله⟩,1,1,1,0.000216,0.0001501,0.0000648,11,1
1040,ابيه ⟨عبد الرحمن بن عبد الله بن ابي صعصعة⟩,1,1,1,0.000216,0.0001461,0.0000647,8,1
1041,امه ⟨منصور بن صفية⟩,1,1,1,0.000216,0.0001510,0.0000679,3,1
1042,ابيه ⟨عمر بن نافع⟩,1,1,1,0.000216,0.0001475,0.0000752,11,1
1043,نافع مولي عبد الله,1,1,1,0.000216,0.0001475,0.0000752,11,0
1044,علي بن ربيعة,1,1,1,0.000215,0.0001151,0.0000771,9,0
1045,الرباب,1,1,1,0.000215,0.0000984,0.0002503,0,0
1046,محمد بن جهضم,1,1,1,0.000215,0.0001108,0.0000887,2,0
1047,عقبة بن صهبان,2,2,1,0.000215,0.0000918,0.0001416,0,0
1048,ابي ⟨معتمر بن سليمان⟩,4,3,1,0.000215,0.0002014,0.0001735,0,1
1049,عبيد الله بن كعب,1,1,1,0.000215,0.0000979,0.0001320,1,0
1050,ابن ابي الفديك,2,1,2,0.000215,0.0001119,0.0001002,7,0
1051,ابيه ⟨عبد الرحمن بن عبد الله⟩,2,2,1,0.000214,0.0001290,0.0000789,1,1
1052,ابن ابي حازم,19,2,5,0.000214,0.0001465,0.0003122,13,0
1053,عبد الرحمن بن الاصبهاني,5,3,2,0.000214,0.0001125,0.0001746,5,0
1054,ابن ابي بكرة,6,2,2,0.000213,0.0001458,0.0001413,0,0
1055,ابا رجاء,2,2,1,0.000213,0.0001119,0.0000817,5,0
1056,حسين الجعفي,4,3,4,0.000211,0.0001155,0.0001721,3,0
1057,المعتمر,4,3,2,0.000210,0.0000844,0.0001811,4,0
1058,حمزة بن عبد الله,4,3,2,0.000210,0.0001180,0.0001305,1,0
1059,ابن ابي عدي,29,8,3,0.000210,0.0001300,0.0007515,5,0
1060,الحسن بن محمد بن علي,2,2,2,0.000208,0.0001021,0.0001318,1,0
1061,ابيه ⟨معتمر بن سليمان⟩,1,1,1,0.000208,0.0001087,0.0000789,0,1
1062,ابي ⟨محمد بن فليح⟩,12,4,1,0.000208,0.0002136,0.0003211,11,1
1063,معافي بن عمران,1,1,1,0.000206,0.0001108,0.0000951,2,0
1064,ابو عمرو,3,3,1,0.000206,0.0001342,0.0003731,6,0
1065,سعيد بن يسار ابا الحباب,1,1,1,0.000206,0.0001131,0.0000693,8,0
1066,مهدي بن ميمون,7,5,3,0.000204,0.0000941,0.0002262,0,0
1067,عبد الرحمن بن كعب بن مالك,6,3,2,0.000204,0.0001399,0.0001283,2,0
1068,عبد الله بن سعيد,3,4,4,0.000203,0.0001568,0.0001755,11,0
1069,عبد الله بن عمر النميري,7,3,4,0.000203,0.0001880,0.0002503,1,0
1070,ابراهيم بن ميسرة,7,3,2,0.000203,0.0001457,0.0001410,4,0
1071,ثابت بن يزيد,4,2,3,0.000202,0.0000865,0.0001736,0,0
1072,بشير بن يسار مولي الانصار,1,2,1,0.000202,0.0000844,0.0001258,6,0
1073,سعيد بن عبيد الله الثقفي,3,3,1,0.000202,0.0001913,0.0002187,15,0
1074,ابي سهيل,3,1,1,0.000201,0.0001077,0.0001418,8,0
1075,عبد الله بن عامر,3,2,2,0.000201,0.0001089,0.0001316,1,0
1076,حسين,9,4,5,0.000201,0.0001691,0.0002697,0,0
1077,عمر بن محمد بن زيد,2,2,2,0.000201,0.0001195,0.0001390,11,0
1078,عمرو بن اوس,3,3,2,0.000200,0.0001085,0.0001271,2,0
1079,واصل,8,2,5,0.000200,0.0001740,0.0001588,4,0
1080,بشير بن يسار,10,3,3,0.000199,0.0001706,0.0001450,6,0
1081,عباس بن سهل بن سعد,4,2,3,0.000197,0.0002494,0.0001526,9,0
1082,محبوب بن الحسن,1,1,1,0.000197,0.0001108,0.0000826,10,0
1083,عمر بن ابي زايدة,4,2,3,0.000196,0.0001601,0.0001170,5,0
1084,جعفر بن عون,5,2,4,0.000196,0.0001101,0.0001935,5,0
1085,همام بن الحارث,3,2,2,0.000196,0.0001689,0.0001203,4,0
1086,محمد بن عبيد,5,4,2,0.000195,0.0000880,0.0002215,3,0
1087,ذكر عروة,1,2,1,0.000195,0.0000869,0.0001320,2,0
1088,هشام بن زيد بن انس,2,2,2,0.000195,0.0001088,0.0001259,0,0
1089,وزعم عروة,2,3,1,0.000194,0.0000960,0.0001602,3,0
1090,انس بن سيرين,7,4,5,0.000194,0.0001842,0.0001130,5,0
1091,ابن كعب بن مالك,3,2,3,0.000194,0.0001131,0.0001202,2,0
1092,ابن الغسيل,3,2,2,0.000194,0.0001612,0.0001276,2,0
1093,وهب بن كيسان ابي نعيم,2,2,2,0.000194,0.0001515,0.0001275,13,0
1094,جامع بن ابي راشد,2,2,1,0.000193,0.0000954,0.0001613,4,0
1095,ابيه ⟨زيد بن اسلم⟩,18,3,1,0.000193,0.0003088,0.0001475,8,1
1096,مخرمة بن سليمان,7,3,3,0.000192,0.0001182,0.0001674,8,0
1097,عبد الله بن الحارث,8,2,8,0.000191,0.0004805,0.0001326,0,0
1098,ابو مجلز,4,3,2,0.000191,0.0001979,0.0001014,0,0
1099,محمد بن عمرو بن حلحلة الدولي,1,1,1,0.000191,0.0001058,0.0000841,12,0
1100,محارب,4,3,2,0.000190,0.0001135,0.0001317,5,0
1101,عبد الرحمن بن عابس,9,2,1,0.000190,0.0001569,0.0001389,4,0
1102,حميد بن عبد الرحمن بن عوف,5,3,4,0.000190,0.0001433,0.0001341,1,0
1103,عبد الله بن ابي بكر بن محمد بن عمرو بن حزم,5,2,2,0.000190,0.0000958,0.0002600,8,0
1104,سعيد هو المقبري,2,2,1,0.000189,0.0000864,0.0001376,1,0
1105,ابن الاصبهاني,2,2,2,0.000188,0.0001116,0.0001268,8,0
1106,لا ازال احب بني تميم,1,1,1,0.000188,0.0011164,0.0001402,7,0
1107,ابي حازم بن دينار,4,3,1,0.000188,0.0000884,0.0001313,8,0
1108,شريك بن ابي نمر,2,2,2,0.000187,0.0000973,0.0001290,1,0
1109,محمد بن اسماعيل,1,1,1,0.000187,0.0001108,0.0000885,11,0
1110,عمر بن عبد الله بن عروة,1,2,1,0.000186,0.0000898,0.0001282,3,0
1111,ابو الاشهب,2,2,2,0.000186,0.0000879,0.0001606,2,0
1112,سعيد بن عبيد,2,2,1,0.000184,0.0000879,0.0001411,4,0
1113,اسحاق بن سعيد,2,1,2,0.000184,0.0001107,0.0001482,10,0
1114,بكير بن عبد الله,2,2,2,0.000184,0.0001245,0.0001375,1,0
1115,عبد الرحمن بن عبد الله,4,3,3,0.000184,0.0001206,0.0001574,1,0
1116,عبد الحميد بن جبير,2,2,1,0.000184,0.0001018,0.0001501,2,0
1117,سريج بن النعمان,4,2,2,0.000184,0.0001108,0.0001449,10,0
1118,عبد العزيز بن المختار,3,3,2,0.000183,0.0000837,0.0001536,9,0
1119,اعتم النبي,1,1,1,0.000183,0.0004984,0.0002469,0,0
1120,عباد بن يعقوب الاسدي,1,1,1,0.000183,0.0000966,0.0001133,0,0
1121,كريبا مولي ابن عباس,2,1,2,0.000182,0.0001384,0.0000659,4,0
1122,عبد الرحمن بن جابر,1,1,1,0.000181,0.0001140,0.0001588,12,0
1123,عباية بن رفاعة بن رافع بن خديج,2,2,2,0.000181,0.0001420,0.0001258,6,0
1124,ابو سلمة بن عبد الرحمن بن عوف,2,2,1,0.000181,0.0001035,0.0001184,1,0
1125,زياد بن جبير,5,1,3,0.000181,0.0001918,0.0000850,15,0
1126,سعيد بن ابي بردة بن ابي موسي الاشعري,1,1,1,0.000180,0.0000851,0.0001214,5,0
1127,واظن,1,1,1,0.000180,0.0006326,0.0001244,7,0
1128,ليث بن سعد,2,2,2,0.000180,0.0001072,0.0001028,1,0
1129,ابيه ⟨اشعث بن ابي الشعثاء⟩,1,1,1,0.000180,0.0001143,0.0000733,3,1
1130,جنادة بن ابي امية,3,2,2,0.000180,0.0001954,0.0001200,6,0
1131,ابيه ⟨الاشعث⟩,2,1,1,0.000179,0.0001251,0.0000834,3,1
1132,ابيه ⟨الاشعث بن سليم⟩,1,1,1,0.000179,0.0001002,0.0000733,3,1
1133,عمارة بن القعقاع بن شبرمة,2,2,2,0.000179,0.0000902,0.0001239,8,0
1134,زيد بن عبد الله بن عمر,1,1,1,0.000179,0.0000912,0.0001282,3,0
1135,قزعة,2,2,1,0.000179,0.0001067,0.0001424,9,0
1136,بسر بن عبيد الله,3,3,2,0.000178,0.0002824,0.0002526,6,0
1137,ابي معبد,6,1,3,0.000178,0.0002101,0.0000800,2,0
1138,ابي معبد مولي ابن عباس,4,1,2,0.000178,0.0001909,0.0000744,2,0
1139,امراته فاطمة,2,2,1,0.000178,0.0001006,0.0001195,3,0
1140,مولي انس,1,1,1,0.000178,0.0000918,0.0001446,0,0
1141,زيد هو ابن اسلم,2,2,1,0.000177,0.0000895,0.0001321,13,0
1142,وراد كاتب المغيرة بن شعبة,2,1,2,0.000177,0.0001237,0.0001451,9,0
1143,ابراهيم بن يوسف بن ابي اسحاق,2,1,2,0.000177,0.0001148,0.0001456,5,0
1144,ابو ظبيان,2,2,1,0.000177,0.0001081,0.0001193,9,0
1145,يزيد بن عبد العزيز,1,1,1,0.000177,0.0000913,0.0001474,3,0
1146,عبد الرحمن هو ابن عبد الله بن دينار,4,1,2,0.000177,0.0001269,0.0001365,10,0
1147,ابراهيم بن يوسف بن اسحاق بن ابي اسحاق,1,1,1,0.000177,0.0001134,0.0001312,5,0
1148,بسر بن عبيد الله الحضرمي,2,2,1,0.000177,0.0001431,0.0001726,6,0
1149,ابي بكرة,19,1,7,0.000177,0.0039818,0.0001209,0,0
1150,زينب امراة عبد الله,1,1,1,0.000176,0.0001160,0.0001502,1,0
1151,ابي بردة بن ابي موسي,2,2,2,0.000176,0.0001125,0.0001223,0,0
1152,عبد الواحد بن واصل ابو عبيدة الحداد,1,1,1,0.000176,0.0000992,0.0001320,10,0
1153,سعيد بن عبيد الطايي,1,1,1,0.000176,0.0001017,0.0001202,4,0
1154,يزيد الرشك,1,1,1,0.000176,0.0000851,0.0001301,0,0
1155,عمرو بن يحيي بن عمارة,1,1,1,0.000176,0.0001057,0.0001446,6,0
1156,محمد بن حمزة بن عمرو الاسلمي,1,1,1,0.000176,0.0000835,0.0001241,2,0
1157,محل بن خليفة,2,2,2,0.000176,0.0002499,0.0001203,9,0
1158,رافع بن خديج,11,1,10,0.000176,0.0007196,0.0001168,6,0
1159,ابو سهيل,1,1,1,0.000176,0.0000878,0.0001208,3,0
1160,علي بن حسين بن علي,1,1,1,0.000176,0.0000869,0.0001213,1,0
1161,زيد بن خالد الجهني,12,1,6,0.000176,0.0003058,0.0001320,1,0
1162,بكيرا,4,2,2,0.000176,0.0001219,0.0001426,4,0
1163,ابي بن عباس بن سهل,1,1,1,0.000176,0.0001107,0.0001214,11,0
1164,يوسف ابو معشر البراء,1,1,1,0.000176,0.0000832,0.0001348,0,0
1165,ابي بن كعب,7,1,6,0.000176,0.0006976,0.0001168,2,0
1166,صالح بن ابراهيم بن عبد الرحمن بن عوف,3,1,1,0.000176,0.0001740,0.0001305,1,0
1167,صالح بن ابراهيم,1,1,1,0.000176,0.0001099,0.0001214,1,0
1168,عمرو بن يحيي المازني,5,1,2,0.000175,0.0001034,0.0001231,8,0
1169,ابو يعفور,1,1,1,0.000175,0.0001031,0.0001192,2,0
1170,ابي الزناد كان عروة بن الزبير,1,1,1,0.000175,0.0000821,0.0001263,14,0
1171,ابن مسعود,24,1,13,0.000175,0.0008471,0.0001168,4,0
1172,ابي موسي الاشعري,18,1,13,0.000175,0.0008365,0.0001168,0,0
1173,ولم اسمع احدا,1,1,1,0.000175,0.0004159,0.0001168,10,0
1174,سهل بن سعد الساعدي,21,1,8,0.000175,0.0004616,0.0001168,13,0
1175,عايشة زوج النبي,59,1,21,0.000175,0.0012588,0.0001168,1,0
1176,سعيد بن زيد,6,1,4,0.000175,0.0003109,0.0001168,9,0
1177,حمزة بن ابي اسيد,4,2,2,0.000175,0.0002024,0.0001436,4,0
1178,معبد بن كعب بن مالك,1,1,1,0.000175,0.0001285,0.0001308,8,0
1179,ابي ايوب,5,1,4,0.000175,0.0006632,0.0001168,5,0
1180,وهو,1,1,1,0.000175,0.0003716,0.0001168,2,0
1181,جبير بن مطعم,7,1,5,0.000175,0.0003408,0.0001168,1,0
1182,لها رسول الله,1,1,1,0.000175,0.0003642,0.0001168,17,0
1183,جيت,1,1,1,0.000175,0.0000930,0.0003676,4,0
1184,عبد الرحمن بن عبد الله بن عبد الرحمن بن ابي صعصعة الانصاري ثم المازني,1,1,1,0.000175,0.0000805,0.0001192,8,0
1185,عبد الرحمن بن عبد الله بن عبد الرحمن بن ابي صعصعة الانصاري,1,1,1,0.000175,0.0000805,0.0001192,8,0
1186,منصور بن عبد الرحمن,1,1,1,0.000175,0.0000873,0.0001191,3,0
1187,عبد الرحمن بن عبد الله بن دينار مولي ابن عمر,1,1,1,0.000175,0.0000878,0.0001269,10,0
1188,رجل نذر,1,1,1,0.000175,0.0002124,0.0001168,11,0
1189,عبد الله بن مغفل المزني,4,1,4,0.000175,0.0002488,0.0001168,0,0
1190,عبد الله بن الزبير,8,1,5,0.000175,0.0003071,0.0001168,3,0
1191,كان,6,1,5,0.000175,0.0011830,0.0001168,0,0
1192,اتيت جابر بن عبد الله الانصاري فقلت له,1,1,1,0.000175,0.0001425,0.0001168,3,0
1193,ابا بردة,2,1,2,0.000175,0.0001525,0.0001168,9,0
1194,عباية بن رفاعة بن رافع,1,1,1,0.000175,0.0001015,0.0001168,6,0
1195,عباية بن رافع,1,1,1,0.000175,0.0001015,0.0001168,6,0
1196,اشهد علي ابي سعيد,1,1,1,0.000175,0.0002053,0.0001168,5,0
1197,ابو بردة بن ابي موسي,2,1,2,0.000175,0.0002877,0.0001168,12,0
1198,ابي بكر بن عبد الله بن قيس,3,1,2,0.000175,0.0002694,0.0001168,0,0
1199,الهيثم بن ابي سنان,2,2,1,0.000175,0.0000960,0.0001230,1,0
1200,معاذ بن هشام,7,1,5,0.000175,0.0000965,0.0001910,0,0
1201,عاصم بن محمد بن زيد,2,1,1,0.000175,0.0001091,0.0001371,6,0
1202,ابو سلمة الخزاعي منصور بن سلمة,1,1,1,0.000175,0.0000804,0.0001243,10,0
1203,عبد الرحمن بن عبد الله بن عبد الرحمن بن ابي صعصعة,6,1,2,0.000175,0.0000985,0.0001258,8,0
1204,الحسن بن مسلم وعبد الكريم الجزري,1,1,1,0.000175,0.0000898,0.0001260,2,0
1205,مالك بن انس سال زيد بن اسلم,1,1,1,0.000175,0.0000866,0.0001191,8,0
1206,اباه عبد الرحمن اخبر مروان,1,1,1,0.000175,0.0001548,0.0001168,1,0
1207,حمران فلما توضا عثمان,1,1,2,0.000175,0.0001645,0.0001168,1,0
1208,ابيه ⟨خالد بن سعيد⟩,2,1,1,0.000175,0.0001934,0.0001168,4,1
1209,ابي بكر بن عبد الله بن قيس الاشعري,1,1,1,0.000175,0.0001550,0.0001168,0,0
1210,ونحن مع ابن المسيب,1,1,1,0.000175,0.0001548,0.0001168,1,0
1211,حويطب بن عبد العزي,1,1,1,0.000175,0.0001548,0.0001168,1,0
1212,ابي مسعود,17,1,11,0.000175,0.0004520,0.0001168,4,0
1213,اسامة,8,1,4,0.000175,0.0006783,0.0001168,0,0
1214,ابيه ⟨عبد الرحمن بن ابي بكرة⟩,13,1,1,0.000175,0.0004196,0.0001168,0,1
1215,ابا بكر بن عبد الرحمن,2,1,1,0.000175,0.0001484,0.0001168,8,0
1216,جدي ابو بردة,2,1,2,0.000175,0.0001699,0.0001168,12,0
1217,محمد بن زياد الالهاني,1,1,1,0.000175,0.0001440,0.0001168,8,0
1218,رافع بن خديج بن رافع,1,1,1,0.000175,0.0001661,0.0001168,6,0
1219,ابو جعفر,2,1,2,0.000175,0.0001672,0.0001168,4,0
1220,عباية بن رافع بن خديج,1,1,1,0.000175,0.0001344,0.0001168,6,0
1221,رسول الله يوم حنين,1,1,1,0.000175,0.0001605,0.0001168,5,0
1222,وما نخشي,1,1,1,0.000175,0.0001927,0.0001168,0,0
1223,مورق,1,1,1,0.000175,0.0001501,0.0001168,5,0
1224,ابا بردة بن ابي موسي,1,1,1,0.000175,0.0001154,0.0001168,9,0
1225,زيد بن خالد,15,1,5,0.000175,0.0003392,0.0001168,11,0
1226,معاذ بن عبد الرحمن,1,1,1,0.000175,0.0001487,0.0001168,6,0
1227,طلحة بن ابي سعيد,1,1,1,0.000175,0.0001564,0.0001220,3,0
1228,خثيم بن عراك بن مالك,1,1,1,0.000175,0.0001161,0.0001190,7,0
1229,عبد الله بن طاوس,6,1,3,0.000175,0.0001302,0.0001311,2,0
1230,بينما رجل,1,1,1,0.000175,0.0001007,0.0001168,3,0
1231,عايشة ام المومنين,19,1,6,0.000175,0.0004767,0.0001168,3,0
1232,مالك بن الحويرث,7,1,1,0.000175,0.0001893,0.0001168,0,0
1233,عبيد الله بن عبد الله بن عمر,1,1,1,0.000175,0.0000869,0.0001168,1,0
1234,جعفر بن عمرو,1,1,1,0.000175,0.0000962,0.0001168,7,0
1235,عبد الله بن ابي قتادة السلمي,2,1,1,0.000175,0.0001055,0.0001168,13,0
1236,خالته ام حرام بنت ملحان,1,1,1,0.000175,0.0002660,0.0001168,0,0
1237,ثعلبة بن ابي مالك,2,1,1,0.000175,0.0000960,0.0001168,1,0
1238,سنان بن ابي سنان الدولي وابو سلمة بن عبد الرحمن,1,1,1,0.000175,0.0000907,0.0001168,1,0
1239,ام حبيبة بنت ابي سفيان حدثتها,1,1,1,0.000175,0.0000985,0.0001168,3,0
1240,اسحاق بن سعيد السعيدي,1,1,1,0.000175,0.0000866,0.0001460,10,0
1241,عامر بن سعد بن مالك,1,1,1,0.000175,0.0000907,0.0001168,1,0
1242,سنان وابو سلمة,1,1,1,0.000175,0.0000907,0.0001168,1,0
1243,عمرو بن سلمة,1,1,1,0.000175,0.0000937,0.0001168,0,0
1244,عروة بن الزبير وابو سلمة بن عبد الرحمن,1,1,1,0.000175,0.0000907,0.0001168,1,0
1245,مصعب,3,1,2,0.000175,0.0001100,0.0001168,9,0
1246,ابي سلمة بن عبد الرحمن بن عوف,1,1,1,0.000175,0.0000869,0.0001168,1,0
1247,مصعب بن سعد بن ابي وقاص,1,1,1,0.000175,0.0000923,0.0001168,9,0
1248,ابا وايل هل شهدت صفين,1,1,1,0.000175,0.0000900,0.0001168,4,0
1249,ابراهيم هو التيمي,1,1,1,0.000175,0.0000900,0.0001193,4,0
1250,عبد الله بن ابي قتادة الانصاري,1,1,1,0.000175,0.0001057,0.0001168,6,0
1251,عبد الله بن ابي قتادة لا اعلمه الا,1,1,1,0.000175,0.0001057,0.0001168,6,0
1252,ابيه ⟨سعد⟩,2,1,1,0.000175,0.0001556,0.0001168,5,1
1253,جندب في,1,1,1,0.000175,0.0001356,0.0001168,0,0
1254,عمرو بن ميمون الاودي,2,1,2,0.000175,0.0001331,0.0001168,9,0
1255,زينب ابنة ام سلمة {,1,1,1,0.000175,0.0000874,0.0001168,3,0
1256,صفوان بن يعلي بن امية,3,1,2,0.000175,0.0001521,0.0001168,2,0
1257,جدرات,1,1,1,0.000175,0.0002066,0.0001168,0,0
1258,اشهد علي النبي,1,1,1,0.000175,0.0003334,0.0001168,2,0
1259,ابا المنهال,2,1,2,0.000175,0.0001458,0.0001168,0,0
1260,ابن ابي مليكة يخبر,1,1,1,0.000175,0.0000898,0.0001168,2,0
1261,عبد الله بن دينار مولي عبد الله بن عمر,1,1,1,0.000175,0.0000805,0.0001168,8,0
1262,عبيد بن جريج,2,1,1,0.000175,0.0000977,0.0001168,7,0
1263,جعفر بن عمرو بن امية الضمري,3,1,3,0.000175,0.0001363,0.0001168,1,0
1264,ابا مرة مولي ام هاني بنت ابي طالب,3,1,1,0.000175,0.0001106,0.0001168,8,0
1265,يضحك الله,1,1,1,0.000175,0.0018984,0.0001168,7,0
1266,ابا مرة مولي ام هاني ابنة ابي طالب,1,1,1,0.000175,0.0000888,0.0001168,8,0
1267,عون بن ابي جحيفة ذكر,1,1,1,0.000175,0.0001052,0.0001168,3,0
1268,ابو عقيل زهرة بن معبد,4,1,2,0.000175,0.0002011,0.0001168,14,0
1269,ابي ⟨ابن عباس⟩,1,1,1,0.000175,0.0003334,0.0001168,2,1
1270,معن بن عبد الرحمن,1,1,1,0.000175,0.0000916,0.0001168,4,0
1271,فاخبرني جدي زيد بن عبد الله بن عمر,1,1,1,0.000175,0.0000985,0.0001168,1,0
1272,عبد الله بن مسعود حدث,1,1,1,0.000175,0.0001012,0.0001168,5,0
1273,مرداسا الاسلمي,1,1,1,0.000175,0.0000859,0.0001168,8,0
1274,ابا عمرو ذكوان مولي عايشة,2,1,1,0.000175,0.0001281,0.0001168,2,0
1275,ابيه ⟨عبد الرحمن بن عبد الله بن كعب بن مالك⟩,1,1,1,0.000175,0.0000884,0.0001168,1,1
1276,وقد,1,1,1,0.000175,0.0002919,0.0001168,2,0
1277,لي معمر,1,1,1,0.000175,0.0000861,0.0001168,4,0
1278,سعيد بن عبد الرحمن بن ابزي,2,1,1,0.000175,0.0000962,0.0001168,5,0
1279,ابيه ⟨ابن عبد الرحمن بن ابزي⟩,2,1,1,0.000175,0.0001376,0.0001168,5,1
1280,ابن لكعب بن مالك,1,1,1,0.000175,0.0000912,0.0001168,11,0
1281,رجل من الانصار,1,1,1,0.000175,0.0000912,0.0001168,11,0
1282,عايشة بنت سعد,1,1,1,0.000175,0.0001230,0.0001168,2,0
1283,ابن ابي موسي,1,1,1,0.000175,0.0000970,0.0001168,5,0
1284,لاحدثنكم حديثا لا يحدثكموه احد بعدي,1,1,1,0.000175,0.0002066,0.0001168,0,0
1285,عمرو بن يحيي بن سعيد بن عمرو بن سعيد,1,1,1,0.000175,0.0000798,0.0001168,9,0
1286,عبيد الله بن زياد عاد معقل بن يسار في مرضه الذي مات,1,1,1,0.000175,0.0001356,0.0001168,0,0
1287,محمد بن عبد الرحمن ذكرت لعروة,1,1,1,0.000175,0.0000856,0.0001168,4,0
1288,ابا مرة مولي عقيل بن ابي طالب,2,1,1,0.000175,0.0000927,0.0001168,0,0
1289,عاصم بن عمر بن الخطاب,1,1,1,0.000175,0.0000958,0.0001168,3,0
1290,عروة بن المغيرة,4,1,2,0.000175,0.0001635,0.0001168,9,0
1291,زهرة بن معبد,1,1,1,0.000175,0.0000986,0.0001168,0,0
1292,سعيد ابن مرجانة صاحب علي بن حسين,1,1,1,0.000175,0.0000970,0.0001168,5,0
1293,كليب بن وايل,1,1,1,0.000175,0.0000832,0.0001168,9,0
1294,كليب,1,1,1,0.000175,0.0000832,0.0001168,9,0
1295,معاذ بن رفاعة بن رافع الزرقي,1,1,1,0.000175,0.0000844,0.0001168,6,0
1296,صفوان بن يعلي بن امية اخبر,1,1,1,0.000175,0.0000942,0.0001168,2,0
1297,بعجة الجهني,1,1,1,0.000175,0.0000834,0.0001168,6,0
1298,ابو قيس,1,1,1,0.000175,0.0000851,0.0001168,5,0
1299,مسلم بن ابي مريم,1,1,1,0.000175,0.0000873,0.0001168,0,0
1300,عبادة بن الوليد,1,1,1,0.000175,0.0000844,0.0001195,6,0
1301,توبة العنبري,1,1,1,0.000175,0.0000851,0.0001168,5,0
1302,ابراهيم بن عبد الله بن حنين,1,1,1,0.000175,0.0000906,0.0001168,8,0
1303,عبد الله بن شداد بن الهاد,1,1,1,0.000175,0.0001115,0.0001168,9,0
1304,المقداد بن عمرو الكندي حليف بني زهرة,1,1,1,0.000175,0.0001127,0.0001168,1,0
1305,ابي بكر بن ابي موسي,1,1,1,0.000175,0.0001210,0.0001168,5,0
1306,مالكا يسال زيد بن اسلم,1,1,1,0.000175,0.0000866,0.0001241,2,0
1307,عبد الله بن يزيد يخطب,1,2,1,0.000175,0.0000935,0.0001277,5,0
1308,محمد بن معن,1,1,1,0.000175,0.0000789,0.0001235,7,0
1309,عاصم بن محمد بن زيد بن عبد الله بن عمر,2,1,1,0.000175,0.0000879,0.0001269,4,0
1310,نافع بن مالك بن ابي عامر ابو سهيل,2,1,1,0.000175,0.0000977,0.0001212,7,0
1311,ابي سهيل نافع بن مالك بن ابي عامر,2,1,1,0.000175,0.0000977,0.0001212,7,0
1312,يحيي بن ابي زايدة,1,1,1,0.000175,0.0000913,0.0001312,3,0
1313,شبيب بن غرقدة,1,1,1,0.000175,0.0000866,0.0001230,3,0
1314,قطن ابو الهيثم,1,1,1,0.000175,0.0000819,0.0001208,2,0
1315,النفيلي,1,1,1,0.000175,0.0000860,0.0001381,0,0
1316,واحسبني,1,1,1,0.000175,0.0000962,0.0001652,2,0
1317,عتبة بن مسلم مولي بني تيم,1,1,1,0.000175,0.0000878,0.0001190,7,0
1318,ابي بردة بن عبد الله بن ابي بردة,1,1,1,0.000175,0.0000866,0.0001190,12,0
1319,ابي قيس,2,1,1,0.000175,0.0000954,0.0001275,4,0
1320,عبد الله بن سعيد بن جبير,3,1,1,0.000175,0.0001092,0.0001239,2,0
1321,عيسي بن حفص بن عاصم,1,1,1,0.000175,0.0000834,0.0001269,6,0
1322,ابراهيم بن محمد بن المنتشر,3,1,2,0.000175,0.0000980,0.0001208,5,0
1323,ابيه ⟨سعيد بن ابي سعيد المقبري⟩,3,2,1,0.000175,0.0001443,0.0004098,7,1
1324,احمد بن شبيب بن سعيد,5,1,1,0.000175,0.0005637,0.0002110,1,0
1325,محمد بن عبد الرحمن بن ابي صعصعة المازني,1,1,1,0.000175,0.0000805,0.0001181,8,0
1326,خثيم بن عراك,1,1,1,0.000175,0.0000844,0.0001190,6,0
1327,سيل عبيد الله,1,1,1,0.000175,0.0000884,0.0001270,11,0
1328,داود بن الحصين,1,1,1,0.000175,0.0000805,0.0001181,8,0
1329,داود بن حصين,1,1,1,0.000175,0.0000805,0.0001190,7,0
1330,المقبري {,1,1,1,0.000175,0.0000886,0.0001190,7,0
1331,ابي الرجال محمد بن عبد الرحمن,1,1,1,0.000175,0.0000844,0.0001208,3,0
1332,منه مرتين,1,1,1,0.000175,0.0000893,0.0001458,2,0
1333,عمرو بن يحيي بن سعيد,2,1,1,0.000175,0.0000818,0.0001190,9,0
1334,عبد الكريم,2,1,1,0.000175,0.0001018,0.0001216,2,0
1335,بشر بن شعيب بن ابي حمزة,1,1,1,0.000175,0.0000830,0.0001320,10,0
1336,عمر بن محمد العسقلاني,1,1,1,0.000175,0.0000904,0.0001269,11,0
1337,المسيب,1,1,1,0.000175,0.0000869,0.0001287,9,0
1338,عبد الرحمن بن عبد الله بن عبد الرحمن,1,1,1,0.000175,0.0000805,0.0001205,7,0
1339,ثور بن زيد الديلي,1,1,1,0.000175,0.0000805,0.0001190,7,0
1340,عبد الرحمن بن عبد الله بن ابي صعصعة,1,1,1,0.000175,0.0000805,0.0001181,8,0
1341,منصور بن صفية,1,1,1,0.000175,0.0000861,0.0001208,3,0
1342,وهب بن منبه,1,1,1,0.000175,0.0000856,0.0001220,4,0
1343,عثمان بن عروة,1,1,1,0.000175,0.0000875,0.0001208,3,0
1344,واقد بن محمد بن زيد,1,1,1,0.000175,0.0000851,0.0001269,11,0
1345,واقد بن عبد الله,1,1,1,0.000175,0.0000851,0.0001182,11,0
1346,ابن سعيد بن جبير,1,1,1,0.000175,0.0000987,0.0001192,2,0
1347,عبد الحميد,1,1,1,0.000175,0.0000869,0.0001190,1,0
1348,احمد بن يزيد بن ابراهيم ابو الحسن الحراني,1,1,1,0.000175,0.0000852,0.0001099,5,0
1349,ابا سعيد الخدري,27,1,25,0.000175,0.0014495,0.0000900,8,0
1350,ام الدرداء,2,1,2,0.000175,0.0003951,0.0000900,6,0
1351,ابي يعفور,3,3,2,0.000174,0.0001012,0.0001160,5,0
1352,سفيان الثوري,2,2,2,0.000173,0.0001285,0.0000904,2,0
1353,عبد الرحمن بن غسيل,1,1,1,0.000172,0.0000829,0.0000936,4,0
1354,عبد العزيز بن ابي سلمة بن الماجشون,1,1,1,0.000171,0.0000829,0.0001149,7,0
1355,عبد الله بن جعفر,4,2,4,0.000171,0.0001237,0.0001184,1,0
1356,ابو شهاب,9,6,3,0.000170,0.0001261,0.0002187,5,0
1357,الحسين المكتب,2,2,2,0.000168,0.0001379,0.0000974,4,0
1358,التيمي,7,4,4,0.000168,0.0001474,0.0001669,0,0
1359,عبد الله بن المثني,4,3,2,0.000166,0.0001098,0.0001285,0,0
1360,محمد بن ابراهيم بن دينار ابو عبد الله الجهني,1,1,1,0.000164,0.0001108,0.0000816,7,0
1361,سريج بن يونس ابو الحارث,1,1,1,0.000161,0.0000804,0.0000993,2,0
1362,سعدا,10,1,7,0.000159,0.0014500,0.0000810,3,0
1363,ابو بكر بن عثمان بن سهل بن حنيف,2,2,1,0.000158,0.0001359,0.0001166,4,0
1364,زكرياء بن اسحاق,8,2,5,0.000157,0.0002341,0.0002416,2,0
1365,ابو مروان يحيي بن ابي زكرياء,1,1,1,0.000156,0.0003152,0.0000761,3,0
1366,ابو مروان يحيي بن ابي زكرياء الغساني,1,1,1,0.000156,0.0003152,0.0000761,3,0
1367,يحيي بن ابي زكرياء الغساني,1,1,1,0.000156,0.0003152,0.0000761,3,0
1368,ابو حيان التيمي,3,3,2,0.000155,0.0001498,0.0001072,4,0
1369,شبابة بن سوار ابو عمرو الفزاري,1,1,1,0.000154,0.0000943,0.0000881,10,0
1370,محمد بن معمر,2,2,1,0.000153,0.0005637,0.0001882,10,0
1371,زبيد,9,5,3,0.000153,0.0001796,0.0002206,5,0
1372,خالد بن يزيد,9,4,1,0.000151,0.0001080,0.0002567,1,0
1373,ابيه ⟨عبد الله بن ابي بكر بن محمد بن عمرو بن حزم⟩,2,2,1,0.000151,0.0001104,0.0001257,8,1
1374,كانت لي اخت تخطب,1,1,1,0.000151,0.0001597,0.0000757,0,0
1375,ابو بكر بن محمد بن عمرو بن حزم,1,1,1,0.000150,0.0000844,0.0001149,6,0
1376,كان رسول الله,1,1,1,0.000149,0.0003339,0.0000842,3,0
1377,مخارق,3,3,3,0.000149,0.0001280,0.0001383,12,0
1378,ابيه ⟨عبد الله بن ابي بكر⟩,2,2,1,0.000147,0.0000983,0.0001257,8,1
1379,عبد الله بن داود,6,4,3,0.000147,0.0001194,0.0001971,6,0
1380,وبرة بن عبد الرحمن,2,2,2,0.000147,0.0001721,0.0000818,8,0
1381,شقيق بن سلمة,7,3,2,0.000144,0.0001634,0.0001027,4,0
1382,الحجاج بن حجاج,1,1,1,0.000144,0.0000963,0.0000740,4,0
1383,مرحوم,2,2,2,0.000143,0.0000841,0.0001295,6,0
1384,عبد الرحمن بن سليمان بن الغسيل,2,2,2,0.000143,0.0000895,0.0001315,4,0
1385,ابو عمران الجوني,3,2,3,0.000142,0.0001850,0.0001427,0,0
1386,الجعد ابي عثمان,2,2,1,0.000141,0.0000909,0.0001015,0,0
1387,الحسن بن مسلم,7,2,2,0.000139,0.0001816,0.0001359,2,0
1388,عبد السلام بن حرب,1,1,1,0.000139,0.0001125,0.0000761,12,0
1389,ابو التياح,6,4,3,0.000139,0.0001258,0.0001108,5,0
1390,عتاب بن بشير,2,1,2,0.000137,0.0000885,0.0006444,10,0
1391,عبد الله بن ابي بكر بن عمرو بن حزم,4,4,3,0.000136,0.0001256,0.0001227,4,0
1392,ابن مهدي,9,3,6,0.000135,0.0001358,0.0002667,4,0
1393,خارجة بن زيد بن ثابت,8,2,2,0.000135,0.0001490,0.0001350,1,0
1394,جريرا,4,1,3,0.000135,0.0001344,0.0000864,8,0
1395,فاطمة بنت المنذر,7,3,2,0.000134,0.0001492,0.0001115,3,0
1396,مروان الاصفر,3,1,2,0.000134,0.0001237,0.0000671,0,0
1397,يزيد بن ابراهيم,5,3,3,0.000134,0.0000968,0.0002601,5,0
1398,ابن عمر رواه حماد بن سلمة,1,1,1,0.000133,0.0000912,0.0000818,0,0
1399,عنه,1,1,1,0.000133,0.0001730,0.0001082,0,0
1400,روح بن القاسم,6,4,3,0.000132,0.0002184,0.0001677,2,0
1401,ابن عمر ثم حدث,1,1,1,0.000131,0.0000912,0.0000721,6,0
1402,ابي ⟨عبد الرحمن بن عبد الله بن دينار⟩,2,2,1,0.000130,0.0001706,0.0000685,10,1
1403,حبيب بن ابي عمرة,5,2,3,0.000129,0.0001917,0.0001430,3,0
1404,سالم ابي النضر,3,3,2,0.000128,0.0001210,0.0001257,11,0
1405,ابي بشر,37,6,3,0.000128,0.0003427,0.0004313,9,0
1406,عيسي,6,4,3,0.000128,0.0000981,0.0002217,3,0
1407,ابيه ⟨عمرو بن يحيي⟩,10,3,1,0.000127,0.0001799,0.0000943,9,1
1408,علقمة بن مرثد,4,2,2,0.000125,0.0001085,0.0002062,4,0
1409,عبد الله هو ابن المبارك,1,1,1,0.000125,0.0001051,0.0001051,4,0
1410,خيثمة,9,2,2,0.000124,0.0001740,0.0001628,4,0
1411,اسيد بن زيد,1,1,1,0.000124,0.0000930,0.0000860,10,0
1412,ابو قتيبة,3,3,2,0.000123,0.0001136,0.0001270,6,0
1413,محمد بن ابراهيم التيمي,4,2,3,0.000122,0.0001695,0.0001337,6,0
1414,ابي العالية,9,2,1,0.000120,0.0002034,0.0001186,0,0
1415,ابا العالية,2,2,1,0.000120,0.0001057,0.0000838,0,0
1416,الاعرج يحدثونه,1,1,1,0.000120,0.0001122,0.0000657,14,0
1417,سالم ابو النضر,3,3,2,0.000119,0.0001145,0.0001319,4,0
1418,نعيم,3,2,1,0.000118,0.0000909,0.0001402,3,0
1419,ابو العميس,5,3,2,0.000117,0.0001576,0.0001591,5,0
1420,هند بنت الحارث,7,2,1,0.000117,0.0001677,0.0001112,3,0
1421,ام حبيبة,4,1,4,0.000116,0.0002218,0.0000900,3,0
1422,ابو بكر بن ابي اويس,3,2,2,0.000116,0.0001119,0.0001233,6,0
1423,حرمي,4,1,3,0.000114,0.0001189,0.0001632,5,0
1424,اصحابنا,1,1,1,0.000114,0.0000912,0.0001280,11,0
1425,عدي بن حاتم,22,1,9,0.000113,0.0009455,0.0000900,9,0
1426,ابو عمرو الاوزاعي,4,3,2,0.000112,0.0001878,0.0001923,6,0
1427,سليمان الاحول,10,4,3,0.000112,0.0001872,0.0001484,2,0
1428,ابن عثمان بن عبد الله بن موهب,2,2,1,0.000112,0.0000924,0.0001175,5,0
1429,عبدالله بن بريدة,1,1,1,0.000111,0.0000983,0.0000806,0,0
1430,عثمان,17,4,2,0.000111,0.0001148,0.0002884,4,0
1431,ابو عمر حفص بن ميسرة,2,1,2,0.000111,0.0001133,0.0000808,8,0
1432,محمد بن عباد,2,1,1,0.000110,0.0001211,0.0000939,2,0
1433,سعيد بن ابي عروبة,5,1,5,0.000110,0.0001577,0.0001176,0,0
1434,عبد الله بن عبد الرحمن,3,2,3,0.000110,0.0001077,0.0000802,0,0
1435,ابي كبشة السلولي,1,1,1,0.000110,0.0001330,0.0001206,2,0
1436,ابي كبشة,1,1,1,0.000110,0.0001330,0.0001206,2,0
1437,امي ⟨منصور ابن صفية⟩,1,1,1,0.000109,0.0001093,0.0000679,4,1
1438,هدبة,2,1,1,0.000109,0.0005637,0.0000918,0,0
1439,ابي ⟨واقد بن محمد⟩,2,2,1,0.000108,0.0001161,0.0000877,5,1
1440,امه ⟨ابا الرجال محمد بن عبد الرحمن⟩,1,1,1,0.000108,0.0001277,0.0000679,3,1
1441,كانت في حجر عايشة زوج النبي,1,1,1,0.000108,0.0001277,0.0000679,3,0
1442,ابي بردة بريد بن ابي بردة,1,1,1,0.000108,0.0000866,0.0001127,12,0
1443,هو مولي لبني سدوس,1,1,1,0.000108,0.0001108,0.0000779,0,0
1444,يوسف بن يعقوب كان ينزل في بني ضبيعة,1,1,1,0.000108,0.0001108,0.0000779,0,0
1445,ابو عمر الصنعاني من اليمن,1,1,1,0.000108,0.0001108,0.0000720,8,0
1446,اسحاق الازرق,2,2,2,0.000108,0.0001060,0.0001214,3,0
1447,اسمه عمر بن العلاء اخو ابي عمرو بن العلاء,1,1,1,0.000108,0.0001128,0.0000781,11,0
1448,ابي ⟨واقد⟩,1,1,1,0.000108,0.0001095,0.0000752,11,1
1449,ابيه ⟨واقد⟩,2,1,1,0.000108,0.0001412,0.0000872,11,1
1450,ابان بن صالح,1,2,1,0.000108,0.0001108,0.0001009,2,0
1451,جده ⟨خبيب بن عبد الرحمن⟩,1,1,1,0.000108,0.0000920,0.0000657,7,1
1452,عبد الله بن المبارك,3,3,3,0.000107,0.0001394,0.0001320,4,0
1453,يحيي بن حسان بن حيان ابو زكرياء,1,1,1,0.000107,0.0001108,0.0000788,5,0
1454,ابو ادريس عايذ الله بن عبد الله,2,2,1,0.000106,0.0001035,0.0000963,1,0
1455,عزرة بن ثابت الانصاري,2,1,2,0.000106,0.0000869,0.0000912,0,0
1456,عطاء يخبر,2,2,2,0.000105,0.0000976,0.0001158,2,0
1457,ابن نمر,1,1,1,0.000105,0.0000966,0.0000841,6,0
1458,عبد الله بن مرة,12,3,3,0.000104,0.0002189,0.0001782,3,0
1459,محمد بن عمرو,2,2,1,0.000103,0.0000866,0.0001370,11,0
1460,شعيب بن اسحاق,2,1,2,0.000103,0.0001013,0.0001271,6,0
1461,هارون بن اسماعيل,2,2,2,0.000103,0.0000877,0.0001205,10,0
1462,ابيه ⟨سعد بن ابراهيم⟩,4,3,1,0.000101,0.0001237,0.0001005,5,1
1463,قرة بن حبيب,1,1,1,0.000101,0.0001356,0.0000829,10,0
1464,عقبة بن عبد الغافر,4,2,2,0.000101,0.0001253,0.0000790,7,0
1465,يا رسول الله,1,1,1,0.000101,0.0010938,0.0002442,4,0
1466,طارقا,2,2,2,0.000100,0.0001131,0.0000811,12,0
1467,ابن شهاب الزهري,2,5,2,0.000099,0.0001453,0.0001234,1,0
1468,عبد الله بن نمير,9,3,6,0.000099,0.0001387,0.0001701,10,0
1469,ابو تميلة يحيي بن واضح,1,1,1,0.000098,0.0000860,0.0000788,10,0
1470,جده ⟨ابيه⟩,18,3,9,0.000098,0.0011430,0.0001141,1,1
1471,ابيه ⟨سعيد المقبري⟩,15,3,1,0.000098,0.0002270,0.0001395,7,1
1472,ابو معمر,62,1,1,0.000097,0.0001597,0.0012665,0,0
1473,ابيه ⟨اشعث بن سليم⟩,2,1,1,0.000096,0.0001135,0.0000834,3,1
1474,ابي ⟨اشعث بن سليم⟩,2,1,1,0.000096,0.0001135,0.0000834,3,1
1475,لنا محمد بن يوسف,2,2,1,0.000096,0.0001322,0.0001175,2,0
1476,ابي ⟨سعيد المقبري⟩,1,1,1,0.000096,0.0000878,0.0001051,7,1
1477,لي النبي,1,1,1,0.000096,0.0000900,0.0020795,6,0
1478,هو سلم,1,1,1,0.000095,0.0001108,0.0000879,6,0
1479,لي ابن عباس,1,1,1,0.000095,0.0000986,0.0000773,2,0
1480,ابو عميس,1,1,1,0.000095,0.0000961,0.0000740,12,0
1481,عمرو بن عون,12,5,1,0.000095,0.0000840,0.0003408,0,0
1482,ابو بدر شجاع بن الوليد,1,1,1,0.000095,0.0000804,0.0001416,10,0
1483,معاذ بن معاذ,4,2,3,0.000094,0.0001136,0.0001394,0,0
1484,ابيه ⟨عمه ابي سهيل⟩,1,1,1,0.000094,0.0001461,0.0000765,8,1
1485,حسان,1,1,1,0.000094,0.0001108,0.0000852,1,0
1486,يزيد مولي المنبعث,9,2,4,0.000094,0.0002351,0.0001269,8,0
1487,قرات علي مالك,2,2,2,0.000094,0.0001019,0.0000955,4,0
1488,عمر بن سعيد,8,1,3,0.000093,0.0002158,0.0002610,2,0
1489,بشر بن محمد,21,2,1,0.000091,0.0000900,0.0003253,4,0
1490,واصل الاحدب,5,3,3,0.000091,0.0001199,0.0001421,4,0
1491,ابا اسحاق,3,3,2,0.000090,0.0001094,0.0002752,5,0
1492,سالم ابي النضر مولي عمر بن عبيد الله,3,2,1,0.000089,0.0001294,0.0000928,11,0
1493,عمير مولي ام الفضل,2,1,2,0.000089,0.0001382,0.0000900,11,0
1494,النضر بن انس بن مالك,2,2,2,0.000088,0.0001125,0.0000852,0,0
1495,كان بالمدينة يهودي,1,1,1,0.000088,0.0007843,0.0000900,2,0
1496,كان يسلفني في تمري,1,1,1,0.000088,0.0007843,0.0000900,2,0
1497,اسود بن عامر,1,1,1,0.000088,0.0001068,0.0000834,5,0
1498,معاوية بن اسحاق,1,1,1,0.000088,0.0000866,0.0000782,3,0
1499,محارب بن دثار,8,4,2,0.000088,0.0001492,0.0001105,5,0
1500,كان كاتبه,1,1,1,0.000088,0.0000950,0.0000900,11,0
1501,ابن ابي عياش,1,1,1,0.000088,0.0001029,0.0000900,14,0
1502,اسمه نعمان,1,1,1,0.000088,0.0001029,0.0000900,14,0
1503,بشير بن كعب العدوي,1,1,1,0.000088,0.0001089,0.0000900,0,0
1504,بشير بن كعب,1,1,1,0.000088,0.0001089,0.0000900,0,0
1505,ابن عثمان,1,1,1,0.000088,0.0000851,0.0001068,5,0
1506,عوف بن مالك بن الطفيل هو ابن الحارث,1,1,1,0.000087,0.0000907,0.0000953,1,0
1507,هو ابن اخي عايشة زوج النبي لامها,1,1,1,0.000087,0.0000907,0.0000953,1,0
1508,اسراييل ابو موسي,1,1,1,0.000087,0.0000866,0.0001074,4,0
1509,لقيته بالكوفة جاء,1,1,1,0.000087,0.0000866,0.0001074,4,0
1510,لكن عبد الرحمن بن الاسود,1,1,1,0.000087,0.0000970,0.0000953,5,0
1511,ليس ابو عبيدة ذكره,1,1,1,0.000087,0.0000970,0.0000953,5,0
1512,اثني عليه خيرا لقيته باليمامة,1,1,1,0.000087,0.0000796,0.0000939,6,0
1513,عبد الله بن يحيي بن ابي كثير,1,1,1,0.000087,0.0000796,0.0000939,6,0
1514,جده ⟨عمرو بن يحيي⟩,1,1,1,0.000087,0.0000880,0.0000657,9,1
1515,النضر بن انس,6,2,2,0.000086,0.0001669,0.0001279,0,0
1516,عميرا مولي ام الفضل,2,1,2,0.000086,0.0001364,0.0000900,11,0
1517,مغيرة بن عبد الرحمن,4,2,4,0.000086,0.0001399,0.0001148,7,0
1518,مخلد بن يزيد,5,1,2,0.000085,0.0001074,0.0002313,2,0
1519,مخلد,8,1,2,0.000085,0.0001378,0.0003321,2,0
1520,محمد بن بكر,5,1,3,0.000085,0.0001493,0.0002313,2,0
1521,النزال بن سبرة,2,2,1,0.000085,0.0001062,0.0001136,5,0
1522,عمرو بن ابي سلمة,1,1,1,0.000084,0.0000860,0.0000951,6,0
1523,مالك هو ابن مغول,1,1,1,0.000084,0.0001013,0.0000752,3,0
1524,منذر الثوري,1,1,1,0.000084,0.0000900,0.0001025,4,0
1525,منذر ابي يعلي الثوري,1,1,1,0.000084,0.0000900,0.0001025,4,0
1526,ابن الهاد,9,4,2,0.000083,0.0001230,0.0001502,1,0
1527,ابو الجوزاء,1,1,1,0.000083,0.0001151,0.0000659,2,0
1528,عبد الله بن خباب,11,2,2,0.000083,0.0001989,0.0000830,1,0
1529,مجاهد بن جبر المكي,2,1,1,0.000083,0.0001569,0.0000648,6,0
1530,عبيد الله بن ابي بكر بن انس,8,2,4,0.000083,0.0001602,0.0001116,10,0
1531,غير,2,3,1,0.000082,0.0000920,0.0001086,10,0
1532,مبشر,1,1,1,0.000082,0.0001108,0.0000951,6,0
1533,معبد,2,2,2,0.000081,0.0000933,0.0000754,5,0
1534,خبيب,3,1,1,0.000081,0.0001134,0.0000935,7,0
1535,ابن المنكدر,13,4,2,0.000081,0.0001907,0.0002985,4,0
1536,عبد الرحمن بن نمر,1,1,1,0.000081,0.0000966,0.0000810,6,0
1537,جده ⟨بريد⟩,2,1,1,0.000080,0.0000927,0.0000900,12,1
1538,ابي ادريس,3,2,2,0.000079,0.0001602,0.0001020,1,0
1539,زياد بن علاقة,6,2,5,0.000079,0.0002064,0.0000997,3,0
1540,ابراهيم بن ابي عبلة,1,1,1,0.000079,0.0001485,0.0001144,6,0
1541,عبد الله بن الفضل,3,3,3,0.000078,0.0001647,0.0000831,0,0
1542,ابو قلابة الجرمي,1,1,1,0.000078,0.0001057,0.0000722,6,0
1543,عمر بن كثير,1,1,1,0.000077,0.0000834,0.0000799,6,0
1544,بهز,1,1,1,0.000077,0.0000995,0.0000881,5,0
1545,ابي اسامة,13,3,4,0.000077,0.0001080,0.0002180,12,0
1546,حفص بن عبيد الله بن انس,2,2,2,0.000077,0.0001113,0.0000791,6,0
1547,حنظلة بن ابي سفيان,6,5,3,0.000077,0.0001122,0.0001430,11,0
1548,عبد الرحمن بن هرمز,12,4,3,0.000076,0.0002379,0.0001394,1,0
1549,سالم مولي ابن مطيع,1,1,1,0.000076,0.0000959,0.0000693,7,0
1550,حماد هو ابن زيد,8,6,4,0.000075,0.0001179,0.0001868,5,0
1551,الاويسي,5,3,1,0.000074,0.0001322,0.0001529,13,0
1552,عبد العزيز بن ابي سلمة الماجشون,2,2,2,0.000074,0.0001423,0.0000933,5,0
1553,سال ابا هريرة,1,1,1,0.000074,0.0001187,0.0004040,7,0
1554,عبد العزيز بن مسلم,12,3,2,0.000074,0.0001071,0.0001637,9,0
1555,ابي ⟨عاصم بن محمد⟩,3,1,1,0.000073,0.0001134,0.0000992,5,1
1556,اخاه ابا بكر بن ابي مليكة,1,1,1,0.000073,0.0003334,0.0000731,2,0
1557,عبد الله بن عون,2,2,2,0.000072,0.0001225,0.0000893,4,0
1558,ابي المتوكل,5,2,2,0.000072,0.0001294,0.0000821,7,0
1559,المعرور,4,2,3,0.000070,0.0001410,0.0000825,4,0
1560,محمد بن عبد الرحمن الانصاري,2,2,2,0.000069,0.0000907,0.0001015,5,0
1561,اخي عبد الحميد,3,3,2,0.000069,0.0000862,0.0001196,8,0
1562,عكرمة بن عبد الرحمن,1,1,1,0.000069,0.0001129,0.0000667,3,0
1563,عكرمة بن عبد الرحمن بن الحارث,1,1,1,0.000069,0.0001129,0.0000667,3,0
1564,عكرمة بن خالد,3,1,3,0.000068,0.0001205,0.0000992,11,0
1565,عمرو بن عامر,3,2,2,0.000068,0.0001180,0.0001053,0,0
1566,عياض,1,1,1,0.000067,0.0001010,0.0000675,7,0
1567,ابي عوانة,3,3,2,0.000067,0.0000891,0.0001108,9,0
1568,محمد بن ابراهيم بن الحارث التيمي,2,1,2,0.000067,0.0001297,0.0000734,7,0
1569,خارجة بن زيد الانصاري,1,1,1,0.000067,0.0000907,0.0000900,1,0
1570,غيلان بن جرير,8,4,4,0.000067,0.0001427,0.0002040,0,0
1571,طاوس جنتان,1,1,1,0.000065,0.0000972,0.0000819,5,0
1572,ابي الحباب,1,1,1,0.000065,0.0001041,0.0000657,7,0
1573,عمي سعيد بن يسار,1,1,1,0.000065,0.0001041,0.0000657,7,0
1574,ابيه ⟨سعيد هو المقبري⟩,1,1,1,0.000065,0.0001145,0.0000657,1,1
1575,سعيد بن الحارث,7,3,2,0.000065,0.0002583,0.0000918,10,0
1576,شريح هو ابن مسلمة,1,1,1,0.000063,0.0001074,0.0000915,5,0
1577,النزال,2,1,1,0.000063,0.0001062,0.0000756,5,0
1578,صفوان بن سليم,7,1,4,0.000062,0.0001279,0.0000910,8,0
1579,ابي النضر,3,2,1,0.000060,0.0000858,0.0001194,8,0
1580,معمر بن يحيي بن سام,1,1,1,0.000060,0.0000829,0.0001127,4,0
1581,عاصم بن سليمان,3,2,2,0.000060,0.0001447,0.0000950,4,0
1582,ابيه ⟨سعيد بن المسيب⟩,7,1,1,0.000059,0.0001875,0.0000685,1,1
1583,عبد الله بن عامر بن ربيعة,5,2,3,0.000058,0.0001221,0.0000906,1,0
1584,اوما بيده,1,1,1,0.000058,0.0001204,0.0000765,16,0
1585,صاحب هذه الدار,2,1,1,0.000058,0.0001629,0.0000900,16,0
1586,اشار,1,1,1,0.000058,0.0001204,0.0000765,16,0
1587,منذرا الثوري,1,1,1,0.000058,0.0001249,0.0000900,4,0
1588,رسول الله توفي,1,1,1,0.000058,0.0004984,0.0000810,3,0
1589,ستين,1,1,1,0.000058,0.0004984,0.0000810,3,0
1590,هو ابن ثلاث,1,1,1,0.000058,0.0004984,0.0000810,3,0
1591,ابن اسحاق,2,2,1,0.000058,0.0001068,0.0001003,3,0
1592,ابن شميل,2,2,1,0.000058,0.0000882,0.0001081,10,0
1593,عاصم ابو عبد الرحمن الاحول,1,1,1,0.000058,0.0000962,0.0000722,0,0
1594,معبد بن خالد القيسي,1,1,1,0.000057,0.0000866,0.0000765,5,0
1595,معاذة,2,1,2,0.000056,0.0001161,0.0000679,9,0
1596,القاسم يخبران,1,1,1,0.000056,0.0001160,0.0000679,3,0
1597,سعيد بن عامر,2,1,2,0.000055,0.0000959,0.0001131,5,0
1598,الذي حفظناه من عمرو بن دينار,2,2,1,0.000055,0.0000954,0.0000779,4,0
1599,عمارة بن القعقاع,9,3,4,0.000055,0.0001527,0.0001515,7,0
1600,يحيي بن عباد,1,1,1,0.000055,0.0000998,0.0000881,5,0
1601,سعدان بن يحيي,1,1,1,0.000055,0.0001006,0.0001051,6,0
1602,ابيه ⟨عمه ابي سهيل بن مالك⟩,1,1,1,0.000054,0.0001501,0.0000765,8,1
1603,ابن ابي خالد,4,3,4,0.000054,0.0001099,0.0001050,8,0
1604,فضيل,2,2,2,0.000054,0.0000844,0.0000908,0,0
1605,عبد العزيز بن عبد الصمد,3,3,3,0.000053,0.0000884,0.0001447,4,0
1606,عبيدة السلماني,1,1,1,0.000052,0.0000963,0.0000756,4,0
1607,ابي صالح ذكوان,1,1,1,0.000051,0.0000970,0.0000675,7,0
1608,ثور بن زيد,8,1,3,0.000051,0.0001583,0.0001137,7,0
1609,يعلي بن حكيم,3,2,2,0.000051,0.0001519,0.0000768,2,0
1610,ابا السفر,1,1,1,0.000051,0.0000950,0.0000659,9,0
1611,يحيي هو ابن ابي كثير,2,2,1,0.000051,0.0000973,0.0000864,3,0
1612,بكير بن الاشج,2,2,1,0.000051,0.0000933,0.0001127,4,0
1613,زاد,1,1,1,0.000050,0.0001272,0.0000679,3,0
1614,ابي الصديق الناجي,1,1,1,0.000050,0.0000918,0.0000675,7,0
1615,سلام بن ابي مطيع,3,2,2,0.000050,0.0001048,0.0001505,5,0
1616,ابن افلح,2,1,1,0.000049,0.0000910,0.0000967,6,0
1617,عمر بن كثير بن افلح,2,1,1,0.000049,0.0000910,0.0000967,6,0
1618,الفزاري,7,4,4,0.000049,0.0001271,0.0001359,0,0
1619,ابي بكر بن عبد الرحمن,4,3,2,0.000049,0.0001180,0.0000796,1,0
1620,سمي,16,1,4,0.000049,0.0001545,0.0001237,7,0
1621,عامرا,5,4,2,0.000049,0.0001414,0.0003311,9,0
1622,محمد بن ابي يعقوب,3,2,1,0.000048,0.0000997,0.0001028,5,0
1623,معاوية هو ابن سلام,2,1,1,0.000048,0.0000943,0.0001043,10,0
1624,ابيه ⟨محمد بن فليح⟩,1,1,1,0.000048,0.0000891,0.0000752,11,1
1625,محمد بن جحادة,3,2,2,0.000048,0.0001054,0.0001022,13,0
1626,يعلي بن مسلم,4,4,1,0.000048,0.0001258,0.0001847,2,0
1627,اسمه الجعد,1,1,1,0.000047,0.0000963,0.0000671,4,0
1628,منصور بن المعتمر,2,2,2,0.000047,0.0000946,0.0005104,9,0
1629,اخبرتني فاطمة بنت المنذر,2,2,2,0.000047,0.0000989,0.0000829,3,0
1630,فاطمة,11,2,2,0.000047,0.0001979,0.0002536,3,0
1631,حمزة بن عبد الله بن عمر,6,2,3,0.000046,0.0001607,0.0000937,11,0
1632,ابي عطية,1,1,1,0.000046,0.0001393,0.0000679,3,0
1633,عمران بن حطان,2,1,2,0.000046,0.0001113,0.0000727,3,0
1634,جبلة بن سحيم,4,1,2,0.000045,0.0001085,0.0000992,11,0
1635,ابن ابي حبيب,1,1,1,0.000045,0.0000856,0.0000820,1,0
1636,ابو عامر عبد الملك بن عمرو,2,2,1,0.000044,0.0000902,0.0001918,3,0
1637,عبد العزيز بن عبد الله الاويسي,8,6,1,0.000044,0.0000838,0.0002145,13,0
1638,اتي عبادة بن الصامت,1,1,1,0.000044,0.0001030,0.0000765,7,0
1639,معه ام حرام,1,1,1,0.000044,0.0001030,0.0000765,7,0
1640,هو في بناء له,1,1,1,0.000044,0.0001030,0.0000765,7,0
1641,هو نازل في ساحل حمص,1,1,1,0.000044,0.0001030,0.0000765,7,0
1642,داود بن رشيد,1,1,1,0.000043,0.0000804,0.0001087,10,0
1643,حبيب المعلم,3,1,3,0.000043,0.0001208,0.0001445,2,0
1644,عمرو بن ميمون الجزري,1,1,1,0.000043,0.0001068,0.0000744,4,0
1645,عوفا,2,2,1,0.000043,0.0001072,0.0001252,0,0
1646,سلمان ابو رجاء مولي ابي قلابة,1,1,1,0.000043,0.0001015,0.0000773,0,0
1647,ابي العباس,5,3,3,0.000043,0.0001456,0.0002408,4,0
1648,انا لعند ابن عباس,1,1,1,0.000043,0.0001057,0.0000773,2,0
1649,قلت لابن عباس,3,1,1,0.000043,0.0001616,0.0000915,2,0
1650,الجعد,3,2,3,0.000042,0.0001059,0.0001404,0,0
1651,احمد بن بشير ابو بكر,1,1,1,0.000042,0.0000860,0.0000860,1,0
1652,سعيد بن المسيب وابو سلمة بن عبد الرحمن,5,2,1,0.000042,0.0001420,0.0001454,1,0
1653,عمه ⟨اسماعيل بن ابراهيم⟩,1,1,1,0.000042,0.0000917,0.0000841,0,1
1654,ابو عمران,2,2,1,0.000042,0.0000924,0.0001553,5,0
1655,الحسن بن مسلم بن يناق,1,1,1,0.000042,0.0000900,0.0000850,3,0
1656,ابي ذر,22,1,9,0.000041,0.0010478,0.0000765,4,0
1657,معن,9,3,2,0.000041,0.0000912,0.0003097,11,0
1658,نعيم المجمر,2,1,2,0.000041,0.0000961,0.0000657,1,0
1659,نافع مولي ابي قتادة الانصاري,2,2,2,0.000041,0.0000979,0.0000753,1,0
1660,سعيد بن جبير مولي والبة الكوفي,1,1,1,0.000041,0.0001405,0.0000659,13,0
1661,زايدة ذكره,1,1,1,0.000041,0.0001024,0.0000761,3,0
1662,هشام بن زيد بن انس بن مالك,3,2,2,0.000040,0.0001161,0.0000802,0,0
1663,موسي بن انس,6,2,2,0.000040,0.0001708,0.0000934,0,0
1664,عقبة بن صهبان الازدي,1,1,1,0.000040,0.0000918,0.0000879,0,0
1665,ابي بشر ورقاء,1,1,1,0.000040,0.0001211,0.0000788,2,0
1666,جعد ابو عثمان,1,1,1,0.000040,0.0000819,0.0000923,0,0
1667,سليم,2,2,2,0.000040,0.0000952,0.0000898,10,0
1668,عبد الله بن كعب بن مالك الانصاري,2,2,2,0.000040,0.0001075,0.0000741,1,0
1669,ابا جمرة,1,1,1,0.000039,0.0000851,0.0000899,0,0
1670,سفيان بن سعيد,2,2,2,0.000039,0.0001009,0.0000871,5,0
1671,القاسم التميمي,3,2,1,0.000039,0.0001092,0.0001030,0,0
1672,ذكر نافع,1,1,1,0.000038,0.0000831,0.0000756,4,0
1673,عبد الله بن ادريس,2,2,2,0.000038,0.0000875,0.0001152,2,0
1674,وهب بن جرير بن حازم,1,1,1,0.000037,0.0000830,0.0000881,10,0
1675,سعيد بن ابي مريم,47,13,1,0.000036,0.0000838,0.0010769,13,0
1676,ابيه ⟨حمزة⟩,2,1,1,0.000035,0.0001332,0.0000955,1,1
1677,هشام بن حسان,5,4,4,0.000035,0.0001274,0.0001542,2,0
1678,ما بالمدينة يوميذ افضل منه,1,1,1,0.000035,0.0000866,0.0000920,3,0
1679,ابي ⟨عبد الواحد بن ايمن⟩,3,2,1,0.000035,0.0001195,0.0000696,4,1
1680,ابن ابي المجالد,1,1,1,0.000035,0.0000851,0.0000837,6,0
1681,بيان بن بشر,2,2,2,0.000035,0.0001797,0.0001087,8,0
1682,ابيه ⟨عاصم بن محمد⟩,1,1,1,0.000035,0.0000897,0.0001275,5,1
1683,المنهال,2,2,2,0.000034,0.0000942,0.0000870,4,0
1684,الحسن هو ابن مسلم,1,1,1,0.000034,0.0000997,0.0007289,4,0
1685,ابي صالح وابي سفيان,1,1,1,0.000034,0.0000900,0.0000900,2,0
1686,بعض,1,1,1,0.000034,0.0001068,0.0001263,4,0
1687,عبيد الله بن ابي بكر,4,2,3,0.000034,0.0001042,0.0000871,0,0
1688,سعيد بن جبير يزيد احدهما علي صاحبه,3,2,2,0.000033,0.0001581,0.0001066,2,0
1689,غيرهما,1,1,2,0.000033,0.0001046,0.0000827,2,0
1690,غيرهما قد,2,2,2,0.000033,0.0001313,0.0000870,2,0
1691,جابر بن زيد,11,1,3,0.000033,0.0001941,0.0000941,2,0
1692,ابي ليلي بن عبد الله بن عبد الرحمن بن سهل,1,1,1,0.000033,0.0000805,0.0000739,6,0
1693,عمرو بن ابي عمرو,4,3,2,0.000033,0.0001238,0.0001383,13,0
1694,ابن كعب بن مالك يخبر ابن عمر,1,1,1,0.000033,0.0000912,0.0000780,1,0
1695,ابيه ⟨ابراهيم التيمي⟩,10,3,1,0.000032,0.0002197,0.0002053,4,1
1696,ابي ⟨محمد بن عبد الله الانصاري⟩,6,2,1,0.000032,0.0001470,0.0001445,0,1
1697,سلام بن مسكين,2,2,2,0.000032,0.0000811,0.0001117,0,0
1698,منه,2,2,2,0.000032,0.0001022,0.0000845,11,0
1699,ابا سلمة بن عبد الرحمن,4,2,4,0.000032,0.0001982,0.0000701,7,0
1700,ابو عاصم النبيل,1,1,1,0.000032,0.0000840,0.0001514,9,0
1701,هشام بن يوسف,33,2,4,0.000031,0.0001713,0.0009407,3,0
1702,بشير بن نهيك,6,1,2,0.000031,0.0002442,0.0000789,7,0
1703,ابي العلاء,3,2,1,0.000031,0.0001429,0.0001494,0,0
1704,عراك,4,2,3,0.000031,0.0001170,0.0000831,1,0
1705,صالح بن خوات,2,1,2,0.000031,0.0001254,0.0000739,3,0
1706,ابو بكر بن عبد الرحمن,1,1,1,0.000031,0.0000907,0.0000803,3,0
1707,ابي ⟨يعقوب بن ابراهيم بن سعد⟩,3,2,1,0.000031,0.0001282,0.0001299,10,1
1708,اسماعيل بن ابراهيم بن عقبة,5,3,3,0.000030,0.0000889,0.0002526,8,0
1709,ابي اسحاق الهمداني,1,1,1,0.000030,0.0000851,0.0000765,5,0
1710,يوسف بن ماهك,6,1,2,0.000030,0.0001334,0.0002355,9,0
1711,عثمان بن عبد الرحمن بن عثمان التيمي,1,1,1,0.000030,0.0001054,0.0000671,10,0
1712,الربيع بن نافع,1,1,1,0.000030,0.0000943,0.0000967,6,0
1713,محمد بن فضيل بن غزوان,1,1,1,0.000030,0.0000860,0.0000836,0,0
1714,عبيدالله,2,1,2,0.000030,0.0001005,0.0000873,11,0
1715,زهير بن محمد,1,1,1,0.000030,0.0001160,0.0001066,8,0
1716,عبيد الله بن عبد الله بن ابي ثور,3,1,2,0.000029,0.0001089,0.0000818,1,0
1717,علقمة وعبد الرحمن بن يزيد,1,1,1,0.000029,0.0000963,0.0000685,4,0
1718,ابا العباس الشاعر,2,1,2,0.000029,0.0001166,0.0001781,2,0
1719,عبد الاعلي بن عبد الاعلي,1,1,1,0.000029,0.0000860,0.0000831,3,0
1720,سلمة بن رجاء,1,1,1,0.000029,0.0000922,0.0000725,3,0
1721,ابراهيم بن المنذر الحزامي,1,1,1,0.000028,0.0001108,0.0000883,11,0
1722,محمد بن طلحة,4,3,3,0.000028,0.0001163,0.0001283,5,0
1723,بهز بن اسد,1,1,1,0.000028,0.0000943,0.0000881,12,0
1724,شريك,3,3,2,0.000028,0.0000936,0.0001287,8,0
1725,احمد بن منيع,1,1,1,0.000028,0.0000869,0.0000993,2,0
1726,ابو زرعة,5,1,3,0.000028,0.0002598,0.0001086,7,0
1727,ابي بكر بن عمر بن عبد الرحمن بن عبد الله بن عمر بن الخطاب,1,1,1,0.000027,0.0000805,0.0000825,7,0
1728,ابيه ⟨سعيد + معتمر⟩,1,1,2,0.000027,0.0001133,0.0000740,0,1
1729,فطر,1,1,2,0.000027,0.0002052,0.0000737,2,0
1730,ابي الضحي مسلم هو ابن صبيح,1,1,1,0.000027,0.0000900,0.0000733,3,0
1731,ابو الضحي,1,1,1,0.000027,0.0000900,0.0000733,3,0
1732,ابن ابي غنية,1,1,1,0.000027,0.0000829,0.0000825,5,0
1733,ابو سلمة بن عبد الرحمن بن عوف الزهري,1,1,1,0.000027,0.0001057,0.0001206,2,0
1734,عمرو بن مرة الجملي,1,1,1,0.000027,0.0000851,0.0000794,5,0
1735,سالم ابو النضر مولي عمر بن عبيد الله,2,1,2,0.000027,0.0001283,0.0000846,11,0
1736,حنظلة بن قيس الانصاري,1,1,1,0.000027,0.0000844,0.0000721,6,0
1737,ابي جمرة الضبعي,2,1,2,0.000027,0.0001220,0.0000659,4,0
1738,ابو خالد الاحمر,2,2,2,0.000027,0.0000899,0.0000825,3,0
1739,عبد الرحمن بن ابي عمرة,12,3,3,0.000027,0.0003619,0.0001156,7,0
1740,ابي ذبيان خليفة بن كعب,1,1,1,0.000026,0.0000851,0.0000936,2,0
1741,اخوه عبد الله,1,1,1,0.000026,0.0000907,0.0000781,1,0
1742,الحسن وعبد الله ابني محمد بن علي,1,1,1,0.000026,0.0000907,0.0000781,1,0
1743,المعرور بن سويد,3,1,2,0.000026,0.0001307,0.0000690,4,0
1744,ابيه ⟨عبد الرحمن⟩,1,1,1,0.000026,0.0000995,0.0000752,11,1
1745,هشام بن ابي عبد الله,2,2,1,0.000026,0.0000891,0.0000913,6,0
1746,ابو يحيي هو فليح بن سليمان,1,1,1,0.000026,0.0000842,0.0000979,1,0
1747,ابي صخرة,1,1,1,0.000025,0.0000866,0.0000899,0,0
1748,ابو صخرة جامع بن شداد,1,1,1,0.000025,0.0000866,0.0000899,0,0
1749,يزيد العدني,1,1,1,0.000025,0.0000825,0.0000855,10,0
1750,ابي ظبيان,1,1,1,0.000025,0.0000900,0.0000659,2,0
1751,داود,2,2,2,0.000025,0.0000952,0.0000987,0,0
1752,كنت قاعدا عند سعيد بن جبير,1,1,1,0.000025,0.0001187,0.0000659,2,0
1753,ابو علي الحنفي,2,2,2,0.000024,0.0001273,0.0001045,10,0
1754,لي ابراهيم,1,1,1,0.000024,0.0001322,0.0000761,2,0
1755,عثمان بن موهب,2,1,2,0.000024,0.0000970,0.0000752,4,0
1756,عبدالله بن دينار,1,1,1,0.000024,0.0000851,0.0000752,11,0
1757,ابو امامة بن سهل بن حنيف الانصاري,1,1,1,0.000024,0.0000907,0.0000659,2,0
1758,ابوعبد الصمد عبد العزيز بن عبد الصمد,1,1,1,0.000024,0.0001108,0.0000902,2,0
1759,يزيد بن ابراهيم التستري,1,1,1,0.000024,0.0000799,0.0000879,2,0
1760,ابوه عثمان بن عبد الله انهما سمعا موسي بن طلحة,1,1,1,0.000024,0.0000851,0.0000739,5,0
1761,يزيد بن محمد,1,1,1,0.000024,0.0000821,0.0001066,8,0
1762,ابو غسان,20,3,3,0.000024,0.0001336,0.0002179,13,0
1763,ابو اياس,3,2,1,0.000024,0.0000997,0.0000791,5,0
1764,ابا الخير,1,1,1,0.000024,0.0000863,0.0000670,1,0
1765,مالك بن اوس,3,1,2,0.000023,0.0001089,0.0000718,1,0
1766,مالك بن اوس بن الحدثان,5,1,2,0.000023,0.0001308,0.0000804,1,0
1767,عطاء بن ابي ميمونة,4,2,2,0.000023,0.0001307,0.0000806,0,0
1768,ابي بكر بن حفص,1,1,1,0.000023,0.0000851,0.0000705,3,0
1769,ابو موسي,3,2,1,0.000023,0.0000861,0.0001480,3,0
1770,عابس بن ربيعة,1,1,1,0.000023,0.0000963,0.0000718,4,0
1771,ابو اسحاق الهمداني,2,1,2,0.000023,0.0000966,0.0001778,5,0
1772,عبيدالله بن عمر,1,1,1,0.000023,0.0000834,0.0000810,6,0
1773,عبد الرحمن بن الاسود بن عبد يغوث,1,1,1,0.000023,0.0001951,0.0000773,2,0
1774,سفيان غير مرة,2,2,1,0.000023,0.0000868,0.0000996,4,0
1775,عبد الله بن ابي بكر بن حزم,2,2,2,0.000023,0.0000933,0.0000813,3,0
1776,ابو احمد الزبيري,4,3,3,0.000023,0.0000944,0.0002460,4,0
1777,محمد بن يحيي ابو غسان الكناني,1,1,1,0.000022,0.0001049,0.0000879,8,0
1778,ابن ذكوان,3,2,1,0.000022,0.0001042,0.0000875,4,0
1779,غالب,1,1,1,0.000022,0.0000954,0.0000844,0,0
1780,عبيدالله بن عبد الله بن عتبة بن مسعود,2,2,2,0.000022,0.0001098,0.0000755,1,0
1781,ابو المغيرة,2,1,1,0.000022,0.0000830,0.0001271,6,0
1782,ابي هاشم,2,1,1,0.000022,0.0000954,0.0000918,0,0
1783,حجاج بن محمد,2,1,2,0.000022,0.0000881,0.0001304,2,0
1784,ابي ثعلبة الخشني,2,1,2,0.000022,0.0001551,0.0000765,1,0
1785,ابو ضمرة انس بن عياض,1,1,1,0.000022,0.0000860,0.0000817,0,0
1786,اسامة بن زيد,26,1,14,0.000022,0.0008408,0.0000769,3,0
1787,اسحاق بن عبد الله بن ابي طلحة لا اعلمه الا,1,1,1,0.000022,0.0001364,0.0000722,0,0
1788,بشر بن عمر,1,1,1,0.000022,0.0000943,0.0000881,10,0
1789,ادم بن علي,1,1,1,0.000022,0.0000893,0.0000752,6,0
1790,الفضيل,2,2,2,0.000021,0.0001112,0.0000838,13,0
1791,ذكرنا عند ابراهيم الرهن في السلم,1,1,1,0.000021,0.0000900,0.0000707,4,0
1792,محمد بن جعفر بن الزبير,2,2,2,0.000021,0.0001117,0.0000850,3,0
1793,عبد الرحمن بن جابر بن عبد الله,1,1,1,0.000021,0.0001051,0.0000683,12,0
1794,ابي ⟨الانصاري⟩,1,1,1,0.000021,0.0000962,0.0000755,0,1
1795,هلال هو الوزان,1,1,1,0.000021,0.0000882,0.0000705,3,0
1796,حرب بن شداد,1,1,2,0.000021,0.0001033,0.0000804,5,0
1797,هلال الوزان,1,1,1,0.000021,0.0000834,0.0000715,9,0
1798,نافع مولي عبد الله بن عمر,2,2,3,0.000021,0.0001370,0.0000916,7,0
1799,عبد العزيز بن مختار,5,4,2,0.000021,0.0000879,0.0001386,9,0
1800,ابي عون,1,1,1,0.000021,0.0000851,0.0000726,9,0
1801,ابو زيد سعيد بن الربيع الهروي,1,1,1,0.000020,0.0000804,0.0000881,10,0
1802,ابو النعمان الحكم هو ابن عبد الله البصري,1,1,1,0.000020,0.0000838,0.0000881,12,0
1803,عبد الرحيم,1,1,1,0.000020,0.0000922,0.0001262,9,0
1804,سعيد ابن مرجانة,1,1,1,0.000020,0.0000914,0.0000657,7,0
1805,سيار هو ابو الحكم,1,1,1,0.000020,0.0000920,0.0000914,10,0
1806,خالد الواسطي,1,1,1,0.000020,0.0000830,0.0001236,0,0
1807,وابا سلمة بن عبد الرحمن,1,1,1,0.000020,0.0000935,0.0001206,2,0
1808,قلت لابي اسامة حدثكم عبيد الله,2,1,2,0.000020,0.0000866,0.0000873,11,0
1809,عمران ابي بكر,2,2,1,0.000019,0.0000891,0.0000805,6,0
1810,سليمان بن صرد,5,1,3,0.000019,0.0001664,0.0000773,5,0
1811,محمد بن عبد الله ابو احمد الزبيري,1,1,1,0.000019,0.0000817,0.0000855,12,0
1812,ابيه ⟨سعيد بن ابي بردة⟩,6,2,1,0.000019,0.0001910,0.0000848,5,1
1813,حسين بن علي عليهما السلام,2,2,2,0.000019,0.0001376,0.0000771,1,0
1814,ايوب بن النجار,1,1,1,0.000019,0.0000803,0.0000804,6,0
1815,يزيد بن الهاد,2,1,2,0.000019,0.0001167,0.0000965,7,0
1816,اسحاق بن محمد الفروي,3,3,1,0.000019,0.0000838,0.0001327,8,0
1817,ابا الضحي,2,1,1,0.000019,0.0001051,0.0000834,3,0
1818,ربيعة,3,2,2,0.000019,0.0001053,0.0000960,8,0
1819,ابي السوار العدوي,1,1,1,0.000018,0.0000918,0.0000789,0,0
1820,الزهري يخبر,1,1,1,0.000018,0.0000866,0.0001893,4,0
1821,ابي محمد نافع مولي ابي قتادة,1,1,1,0.000018,0.0000914,0.0000721,6,0
1822,الزهري حدثناه,2,2,1,0.000018,0.0000954,0.0001010,4,0
1823,محمد هو غندر,1,1,1,0.000018,0.0000834,0.0000881,13,0
1824,كان كعب بن مالك احد الثلاثة الذين تيب عليهم,1,1,1,0.000018,0.0000907,0.0000693,1,0
1825,سيف,3,2,2,0.000018,0.0000936,0.0001051,2,0
1826,اسحاق بن عبد الله بن ابي طلحة الانصاري,1,1,1,0.000018,0.0001038,0.0000671,6,0
1827,ابو ضمرة,13,3,2,0.000018,0.0000949,0.0004896,11,0
1828,طلحة بن يحيي,1,1,1,0.000018,0.0000884,0.0000852,4,0
1829,عبد الله بن عبد الله بن جبر,3,2,1,0.000018,0.0000997,0.0000831,5,0
1830,الحسن بن ذكوان,1,1,1,0.000018,0.0000834,0.0000754,0,0
1831,ابي اسحاق الشيباني,3,3,3,0.000018,0.0002560,0.0000887,4,0
1832,عبد الله بن عبد الله بن الحارث بن نوفل,1,1,1,0.000018,0.0001186,0.0000693,1,0
1833,ايوب بن موسي,1,1,1,0.000018,0.0000866,0.0000932,3,0
1834,ابن محيريز,5,2,2,0.000018,0.0001529,0.0000691,11,0
1835,علي بن سويد بن منجوف,1,1,1,0.000017,0.0000975,0.0000911,0,0
1836,عبد الله بن عبد الرحمن بن ابي حسين,1,1,1,0.000017,0.0000866,0.0000975,0,0
1837,عمرو اول شيء,1,1,1,0.000017,0.0000866,0.0000902,2,0
1838,عمرو وابن جريج,1,1,1,0.000017,0.0000866,0.0000902,2,0
1839,يونس الايلي,2,1,1,0.000017,0.0001240,0.0000988,3,0
1840,ابي ⟨معاذ⟩,3,2,1,0.000017,0.0001700,0.0001069,0,1
1841,عمته ⟨محمد بن عبد الرحمن⟩,1,1,1,0.000017,0.0001032,0.0000679,3,1
1842,ابا عثمان,3,3,2,0.000017,0.0001407,0.0000849,0,0
1843,كثير,2,1,2,0.000017,0.0000897,0.0001173,2,0
1844,ابو بكر بن حفص,2,2,1,0.000017,0.0000924,0.0000908,5,0
1845,ابا امامة,3,1,3,0.000017,0.0002628,0.0000660,8,0
1846,ابن وديعة,2,1,2,0.000017,0.0001662,0.0000989,7,0
1847,ابي ⟨احمد⟩,1,1,1,0.000017,0.0000821,0.0000757,1,1
1848,زيد بن جبير,2,1,2,0.000017,0.0000886,0.0000752,5,0
1849,ابا حمزة,1,1,1,0.000016,0.0000856,0.0000698,5,0
1850,ابي ⟨المعتمر⟩,2,2,1,0.000016,0.0001136,0.0000808,4,1
1851,عثمان بن فرقد,1,1,1,0.000016,0.0000860,0.0000725,3,0
1852,شعيب بن الحبحاب,2,2,2,0.000016,0.0000872,0.0000762,0,0
1853,سيار ابو الحكم,1,1,1,0.000016,0.0000851,0.0000913,13,0
1854,فرات القزاز,1,1,1,0.000016,0.0000851,0.0000913,13,0
1855,الدراوردي,6,1,1,0.000016,0.0000950,0.0001502,13,0
1856,زهير بن معاوية الجعفي,1,1,1,0.000016,0.0001201,0.0000868,5,0
1857,ابو ادريس,2,2,2,0.000016,0.0001312,0.0000725,1,0
1858,عباد,3,3,1,0.000016,0.0000995,0.0001715,10,0
1859,زهيرا,2,2,2,0.000016,0.0001049,0.0001277,4,0
1860,ابي يونس حاتم بن ابي صغيرة,1,1,1,0.000016,0.0000834,0.0000879,2,0
1861,علي بن الاقمر,2,2,2,0.000016,0.0001007,0.0001759,9,0
1862,الاعمش سليمان,1,1,1,0.000016,0.0000832,0.0000757,4,0
1863,عمير مولي ابن عباس,1,1,1,0.000016,0.0001052,0.0000765,8,0
1864,سعد بن هشام,1,1,1,0.000016,0.0001029,0.0000679,3,0
1865,يونس بن يزيد الايلي,3,1,1,0.000015,0.0001462,0.0001166,1,0
1866,سفيان حفظناه من الزهري,1,1,1,0.000015,0.0001272,0.0000701,11,0
1867,ابو الاسود محمد,1,1,1,0.000015,0.0000821,0.0000715,1,0
1868,ابن زريع,1,1,1,0.000015,0.0001411,0.0000827,0,0
1869,كهمس بن المنهال,1,1,1,0.000015,0.0001411,0.0000827,0,0
1870,ابيه ⟨عبد العزيز بن ابي حازم⟩,10,4,1,0.000015,0.0002191,0.0001144,13,1
1871,الثوري,1,1,1,0.000015,0.0000842,0.0000761,1,0
1872,عبد الوهاب بن عبد المجيد,3,2,2,0.000015,0.0000877,0.0001443,0,0
1873,سنان بن ابي سنان وابو سلمة,1,1,1,0.000015,0.0000907,0.0001124,4,0
1874,اسماعيل بن ابي خالد علي غير ما حدثناه الزهري,1,1,1,0.000015,0.0000866,0.0000739,8,0
1875,كان قايد كعب من بنيه,5,1,3,0.000015,0.0001512,0.0000773,1,0
1876,الوليد بن العيزار ذكر,1,1,1,0.000015,0.0001052,0.0001016,16,0
1877,ساله اسماعيل بن امية,1,1,1,0.000015,0.0000866,0.0000885,4,0
1878,ابي الاسود محمد بن عبد الرحمن بن نوفل,2,2,1,0.000015,0.0000831,0.0000788,8,0
1879,محمد بن عبد الرحمن بن نوفل,4,2,1,0.000015,0.0000884,0.0000936,8,0
1880,ابن عبد الرحمن,1,1,1,0.000014,0.0000870,0.0000817,5,0
1881,حفظناه من ابي الزناد,1,1,1,0.000014,0.0000866,0.0000678,7,0
1882,سريج,1,1,1,0.000014,0.0000943,0.0000851,10,0
1883,يزيد بن ابي عبيد مولي سلمة,1,1,1,0.000014,0.0000834,0.0000658,2,0
1884,وهب بن جرير وعبد الملك بن ابراهيم,1,1,1,0.000014,0.0000825,0.0000881,10,0
1885,ابيه ⟨ابن فضيل⟩,2,2,1,0.000014,0.0001043,0.0000810,9,1
1886,ابو غسان محمد بن مطرف,3,2,3,0.000014,0.0000941,0.0000912,13,0
1887,عكرمة مولي ابن عباس,1,1,1,0.000014,0.0001021,0.0000659,2,0
1888,عبد الله بن عبد الرحمن الانصاري,1,1,1,0.000014,0.0000935,0.0000751,5,0
1889,يحيي بن عبد الله بن محمد بن صيفي,1,1,1,0.000014,0.0001341,0.0000923,2,0
1890,سعيد بن عمرو,1,1,1,0.000014,0.0000900,0.0000752,5,0
1891,وبرة,3,2,2,0.000014,0.0001274,0.0001014,8,0
1892,ابن خباب,2,1,2,0.000013,0.0001280,0.0000962,3,0
1893,الحسن ابني محمد بن علي,2,1,1,0.000013,0.0000960,0.0000931,1,0
1894,عمرو بن ابي عمرو مولي المطلب بن عبد الله بن حنطب,2,1,1,0.000013,0.0000977,0.0000711,0,0
1895,ابو النجاشي,1,1,1,0.000013,0.0001038,0.0000721,6,0
1896,ابو النجاشي صهيب مولي رافع بن خديج,1,1,1,0.000013,0.0001038,0.0000721,6,0
1897,حرب,2,1,1,0.000013,0.0000978,0.0001043,10,0
1898,الزهري فاخبرني عروة,1,1,1,0.000013,0.0000909,0.0000679,3,0
1899,مطرف بن عبد الله,2,1,2,0.000013,0.0001084,0.0000721,0,0
1900,ابو بشر,14,2,2,0.000013,0.0002623,0.0001301,10,0
1901,ابو حازم الاشجعي,1,1,1,0.000013,0.0000998,0.0000657,6,0
1902,دخلت علي عثمان,1,1,1,0.000013,0.0001127,0.0001258,1,0
1903,هارون بن موسي ابو عبد الله الاعور,1,1,1,0.000013,0.0000798,0.0000771,1,0
1904,سعيدا,1,1,1,0.000013,0.0000950,0.0000659,2,0
1905,عبيد الله بن الاخنس,1,1,1,0.000013,0.0000844,0.0000879,2,0
1906,ابو مسهر,1,1,1,0.000013,0.0000852,0.0001148,3,0
1907,شيبان ابو معاوية,2,2,2,0.000013,0.0001291,0.0000973,3,0
1908,علي بن الحكم,1,1,2,0.000013,0.0000958,0.0000752,0,0
1909,عدي بن ثابت اراه,1,1,1,0.000012,0.0000916,0.0000740,5,0
1910,وراد كاتب المغيرة,3,1,1,0.000012,0.0001145,0.0000911,9,0
1911,ابيه ⟨سعيد⟩,5,2,1,0.000012,0.0001817,0.0000765,0,1
1912,سعيد بن المسيب في رجال من اهل العلم,1,1,1,0.000012,0.0000907,0.0000679,3,0
1913,ابن ابي عروبة,1,1,1,0.000012,0.0000844,0.0000740,6,0
1914,ابو عباد يحيي بن عباد,1,1,1,0.000012,0.0000881,0.0001148,7,0
1915,ابن اشوع,1,1,1,0.000012,0.0000906,0.0000792,9,0
1916,ابي حيان التيمي,1,1,1,0.000012,0.0000834,0.0000792,9,0
1917,اثني عليه,1,1,1,0.000012,0.0000881,0.0000726,2,0
1918,عمرو بن عاصم,8,1,1,0.000012,0.0001108,0.0001780,0,0
1919,كان لا يتهم في حديثه,2,2,1,0.000012,0.0001226,0.0001242,5,0
1920,ابن شداد,1,1,1,0.000012,0.0001167,0.0000718,1,0
1921,سعيد الجريري,2,2,2,0.000012,0.0001087,0.0000931,0,0
1922,عبد الله بن محيريز الجمحي,1,1,1,0.000012,0.0000907,0.0000660,8,0
1923,ابيه ⟨عبد الرحمن بن عابس⟩,3,1,1,0.000012,0.0001279,0.0000727,4,1
1924,الاعمش سمعا سعد بن عبيدة,1,1,1,0.000012,0.0000851,0.0000910,4,0
1925,حميدا,1,1,1,0.000012,0.0000925,0.0000722,0,0
1926,عثام,1,1,1,0.000012,0.0000823,0.0000761,0,0
1927,عثمان بن عمر بن فارس,1,1,1,0.000012,0.0000838,0.0000833,13,0
1928,محمد بن مطرف,3,2,2,0.000012,0.0000964,0.0000865,13,0
1929,ابي بكر بن عبد الرحمن بن الحارث,1,1,1,0.000011,0.0000907,0.0000690,4,0
1930,كثير بن كثير,1,1,1,0.000011,0.0000997,0.0000674,2,0
1931,عمر بن محمد بن جبير بن مطعم,2,1,2,0.000011,0.0000998,0.0001243,1,0
1932,هند بنت الحارث الفراسية,1,1,1,0.000011,0.0000869,0.0000765,3,0
1933,ابيه ⟨ابن ادريس⟩,1,1,1,0.000011,0.0001167,0.0000802,8,1
1934,اخي ⟨اسماعيل بن ابي اويس⟩,2,2,1,0.000011,0.0000861,0.0001011,8,1
1935,حفظناه من الزهري,3,1,1,0.000011,0.0001042,0.0000843,4,0
1936,كان عمرو,1,1,1,0.000011,0.0000866,0.0000702,4,0
1937,ام سلمة شكوت,1,1,1,0.000011,0.0001020,0.0000891,3,0
1938,ابيه ⟨ابن ابي زايدة⟩,2,1,1,0.000011,0.0001186,0.0000973,5,1
1939,سليمان الاحول خال ابن ابي نجيح,1,1,1,0.000011,0.0000898,0.0000721,2,0
1940,ابي غسان محمد بن مطرف,1,1,1,0.000011,0.0000969,0.0000720,8,0
1941,عطاء بن يسار وعبد الرحمن بن ابي عمرة الانصاري,1,1,1,0.000011,0.0001191,0.0000693,1,0
1942,جامع,1,1,1,0.000011,0.0000866,0.0000743,4,0
1943,عبد الملك بن اعين,1,1,1,0.000011,0.0000866,0.0000743,4,0
1944,عبيد الله بن عبد الله بن مسعود,1,1,1,0.000011,0.0000972,0.0000659,2,0
1945,الشيباني سليمان بن فيروز,1,1,1,0.000010,0.0001506,0.0000678,9,0
1946,ابي ⟨محمد بن عبد الله بن نمير⟩,1,1,1,0.000010,0.0000910,0.0000754,8,1
1947,عمر هو ابن سعيد,1,1,1,0.000010,0.0000956,0.0000879,10,0
1948,عبدالله بن وهب,1,1,1,0.000010,0.0000863,0.0000852,1,0
1949,زيد بن وهب وابي ظبيان,1,1,1,0.000010,0.0000900,0.0000680,8,0
1950,ايوب بن ابي تميمة السختياني,2,1,1,0.000010,0.0000926,0.0000881,7,0
1951,ابو عثمان النهدي,1,1,1,0.000010,0.0001374,0.0000657,12,0
1952,ابو ضمرة انس,2,2,2,0.000010,0.0000814,0.0001190,11,0
1953,ام الهذيل,2,1,2,0.000010,0.0001004,0.0000678,0,0
1954,هلال بن ابي ميمونة,2,1,1,0.000010,0.0000891,0.0000724,8,0
1955,كان رجلا مبسورا,1,1,1,0.000010,0.0001089,0.0000938,0,0
1956,ابو يعلي,1,1,1,0.000010,0.0001183,0.0001025,4,0
1957,ابو معمر اسماعيل بن ابراهيم,1,1,1,0.000010,0.0000804,0.0000769,10,0
1958,انما حفظ من الزهري,1,1,1,0.000010,0.0000866,0.0000721,7,0
1959,حفظناه,1,1,1,0.000010,0.0000866,0.0000721,7,0
1960,ثمامة بن انس,2,1,1,0.000010,0.0001252,0.0000814,0,0
1961,يزيد بن عبد الله بن الهاد,2,2,2,0.000010,0.0001065,0.0001224,14,0
1962,ابو اسحاق الشيباني,2,1,2,0.000010,0.0001061,0.0000814,3,0
1963,ابي ⟨اسحاق⟩,1,1,1,0.000010,0.0000830,0.0000648,10,1
1964,عبد الملك بن جريج,1,1,1,0.000010,0.0000844,0.0000902,0,0
1965,ابن ابي يعقوب,1,1,1,0.000010,0.0000896,0.0000745,0,0
1966,عبد الله بن يحيي,2,1,1,0.000010,0.0001218,0.0001880,14,0
1967,ابو حفص عمرو,1,1,1,0.000010,0.0000840,0.0000951,6,0
1968,ابيه ⟨محمد بن عبد الله بن عبد الرحمن بن ابي صعصعة⟩,1,1,1,0.000010,0.0001131,0.0000647,8,1
1969,ابو بكر بن محمد,2,2,1,0.000010,0.0000910,0.0000849,6,0
1970,سمي مولي ابي بكر,10,2,1,0.000010,0.0001044,0.0001132,7,0
1971,هاشم بن هاشم بن عتبة بن ابي وقاص,1,1,1,0.000010,0.0000982,0.0000702,3,0
1972,ابن ابي جعفر,1,1,1,0.000010,0.0000821,0.0000801,3,0
1973,منصورا,1,1,1,0.000010,0.0000925,0.0000978,4,0
1974,اخيه ⟨اسماعيل بن ابي اويس⟩,2,1,1,0.000010,0.0000861,0.0000946,8,1
1975,ابن الاشوع,1,1,1,0.000010,0.0001461,0.0000792,9,0
1976,العوام بن حوشب,1,1,1,0.000010,0.0001596,0.0000924,9,0
1977,المعافي,1,1,1,0.000010,0.0001108,0.0000974,2,0
1978,المهاجر ابي الحسن,2,1,1,0.000010,0.0000924,0.0000914,4,0
1979,مهاجر ابي الحسن,1,1,1,0.000010,0.0000851,0.0000773,4,0
1980,مهاجر ابو الحسن مولي لبني تيم الله,1,1,1,0.000010,0.0000851,0.0000773,4,0
1981,ابا الاسود,1,1,1,0.000010,0.0000934,0.0000705,3,0
1982,ابو خيثمة,1,1,1,0.000010,0.0001052,0.0001139,2,0
1983,ابن هرمز,3,2,1,0.000009,0.0001418,0.0000962,1,0
1984,يزيد مولي سلمة بن الاكوع,1,1,1,0.000009,0.0001308,0.0000743,1,0
1985,ابي ⟨عبدان⟩,16,1,1,0.000009,0.0000867,0.0004633,4,1
1986,حجاج بن محمد الاعور,1,1,1,0.000009,0.0000782,0.0000881,1,0
1987,عمر بن سعيد بن ابي الحسين المكي,1,1,1,0.000009,0.0000959,0.0000879,3,0
1988,يحيي هو ابن سعيد,3,3,2,0.000009,0.0001039,0.0001028,5,0
1989,ابي بكر بن عبد الرحمن بن الحارث بن هشام,1,1,1,0.000009,0.0000869,0.0000685,4,0
1990,ابيه ⟨سالم⟩,30,1,1,0.000009,0.0008621,0.0000810,11,1
1991,ابو التياح يزيد بن حميد,1,1,1,0.000009,0.0000851,0.0000722,0,0
1992,قتادة وابي التياح,1,1,1,0.000009,0.0000851,0.0000722,0,0
1993,ابي معاذ هو عطاء بن ابي ميمونة,1,1,1,0.000009,0.0000851,0.0000751,0,0
1994,محمد بن عبد الرحمن ابو المنذر الطفاوي,1,1,1,0.000009,0.0000823,0.0000912,5,0
1995,قرات علي ابن ابي ذيب,1,1,1,0.000009,0.0000799,0.0000927,7,0
1996,محمد بن عبد الله الاسدي,1,1,1,0.000009,0.0000840,0.0000821,4,0
1997,الزبير,2,1,2,0.000009,0.0001118,0.0000678,3,0
1998,عباد بن موسي,1,1,1,0.000009,0.0000804,0.0000887,10,0
1999,عبد المجيد بن سهيل بن عبد الرحمن بن عوف,2,1,2,0.000009,0.0000908,0.0000773,1,0
2000,وهو مولي عبد الرحمن بن زيد,1,1,1,0.000009,0.0001260,0.0000657,0,0
2001,ابيه ⟨عبد العزيز⟩,2,2,1,0.000009,0.0000905,0.0000702,0,1
2002,محمد بن النعمان بن بشير انهما حدثاه,1,1,1,0.000009,0.0000869,0.0001051,9,0
2003,جرير هو ابن حازم,1,1,1,0.000009,0.0000788,0.0000802,0,0
2004,الحكم بن عتيبة,1,1,1,0.000009,0.0000851,0.0000757,4,0
2005,عمير بن سعيد النخعي,1,1,1,0.000009,0.0001151,0.0000685,7,0
2006,ابو خلدة هو خالد بن دينار,1,1,1,0.000009,0.0001078,0.0000671,0,0
2007,ابو قرة مسلم بن سالم الهمداني,1,1,1,0.000009,0.0000914,0.0001022,9,0
2008,عيسي بن طلحة التيمي,1,1,1,0.000009,0.0000953,0.0000657,7,0
2009,عمي ابو الحباب سعيد بن يسار,1,1,1,0.000009,0.0001689,0.0000657,6,0
2010,ابن حكيم,1,1,1,0.000009,0.0000834,0.0000674,2,0
2011,ابي يذكر,1,1,1,0.000009,0.0000925,0.0000774,0,0
2012,عمرو بن عامر الانصاري,1,1,1,0.000008,0.0000851,0.0000671,0,0
2013,ابي معاذ,1,1,1,0.000008,0.0000851,0.0000671,0,0
2014,اسمه عطاء بن ابي ميمونة,1,1,1,0.000008,0.0000851,0.0000671,0,0
2015,عبد الحميد هو ابن كرديد صاحب الزيادي,1,1,1,0.000008,0.0000851,0.0000671,0,0
2016,ابي فروة,1,1,2,0.000008,0.0001033,0.0001114,9,0
2017,حميد بن قيس,1,1,1,0.000008,0.0000805,0.0000737,2,0
2018,عمر هو ابن محمد,2,2,1,0.000008,0.0000906,0.0000790,1,0
2019,محمد بن خازم,3,2,2,0.000008,0.0000914,0.0001141,4,0
2020,عبد العزيز بن سياه,1,1,1,0.000008,0.0001021,0.0000990,2,0
2021,الاعلم,1,1,1,0.000008,0.0000909,0.0001045,0,0
2022,هو زياد,1,1,1,0.000008,0.0000909,0.0001045,0,0
2023,عبد الله بن عبيد الله بن ابي مليكة,3,1,1,0.000008,0.0001138,0.0000659,2,0
2024,المقداد بن الاسود وعبد الرحمن بن عوف فما,1,1,1,0.000008,0.0001929,0.0000810,3,0
2025,صحبت طلحة بن عبيد الله,1,1,1,0.000008,0.0001929,0.0000810,3,0
2026,عمرو بن سليم,1,1,1,0.000008,0.0000878,0.0000900,7,0
2027,مالك بن دينار,1,1,1,0.000008,0.0001012,0.0000721,9,0
2028,زبيد اليامي,1,1,1,0.000008,0.0000866,0.0000757,4,0
2029,ذكرت لعبد الرحمن بن عابس حديث منصور,2,1,1,0.000008,0.0000954,0.0000884,4,0
2030,القاسم بن مالك المزني,1,1,1,0.000008,0.0000884,0.0000914,4,0
2031,عمير مولي عبد الله بن العباس,2,1,2,0.000008,0.0001130,0.0000900,8,0
2032,نافع وعبد الله بن دينار,2,1,1,0.000008,0.0000831,0.0000872,8,0
2033,زيد بن اسلم يخبرونه,1,1,1,0.000008,0.0000805,0.0000752,8,0
2034,امه ⟨منصور⟩,3,1,1,0.000008,0.0001050,0.0000775,4,1
2035,خارجة بن زيد,1,1,1,0.000008,0.0000869,0.0000744,14,0
2036,عبيد بن السباق,3,1,1,0.000008,0.0001051,0.0000969,14,0
2037,زايدة بن قدامة,2,2,2,0.000008,0.0001034,0.0000804,3,0
2038,عمران القطان,1,1,1,0.000008,0.0001395,0.0000804,6,0
2039,عبد الرحمن بن عمرو بن سهل,1,1,1,0.000008,0.0001330,0.0000797,9,0
2040,عيسي بن طلحة بن عبيد الله,2,1,1,0.000008,0.0000960,0.0000703,1,0
2041,ابن جبر,1,1,1,0.000008,0.0000916,0.0000751,0,0
2042,هارون بن معروف,1,1,1,0.000008,0.0000804,0.0000935,10,0
2043,الحسن بن عمرو,2,1,2,0.000008,0.0000920,0.0000844,2,0
2044,همام بن منبه,20,3,1,0.000008,0.0003406,0.0001562,3,0
2045,محمد هو ابن زياد,1,1,1,0.000008,0.0000851,0.0000693,5,0
2046,سلمة بن علقمة,4,1,3,0.000008,0.0001193,0.0001006,6,0
2047,يزيد بن عبد الله بن قسيط,1,1,1,0.000008,0.0000886,0.0000678,7,0
2048,ابن ابي انس مولي التيميين,2,1,1,0.000008,0.0000960,0.0000928,1,0
2049,عبد الرحمن بن مالك المدلجي,1,1,1,0.000008,0.0000869,0.0000780,1,0
2050,هو ابن اخي سراقة بن مالك بن جعشم,1,1,1,0.000008,0.0000869,0.0000780,1,0
2051,زكرياء بن عدي,2,2,1,0.000007,0.0000831,0.0001066,10,0
2052,ذكر ابي,1,1,1,0.000007,0.0000827,0.0000721,7,0
2053,محمد هو ابن المنكدر,1,1,1,0.000007,0.0000866,0.0000746,2,0
2054,ابا صالح,7,2,1,0.000007,0.0001628,0.0000958,4,0
2055,ابيه ⟨عمر بن محمد بن زيد⟩,1,1,1,0.000007,0.0001286,0.0000752,11,1
2056,ابو امامة بن سهل,2,2,1,0.000007,0.0000960,0.0000675,8,0
2057,عباس الجريري,2,2,1,0.000007,0.0000909,0.0000928,0,0
2058,ابي قيس مولي عمرو بن العاص,1,1,1,0.000007,0.0001122,0.0000810,14,0
2059,سلام,1,1,1,0.000007,0.0000798,0.0000900,9,0
2060,اسع بن حبان,2,1,1,0.000007,0.0001108,0.0000664,11,0
2061,عمه ⟨محمد بن يحيي بن حبان⟩,2,1,1,0.000007,0.0001108,0.0000664,11,1
2062,واسع بن حبان,2,1,1,0.000007,0.0001108,0.0000664,11,0
2063,ابو سلمة بن عبد الرحمن وابن المسيب,1,1,1,0.000007,0.0000869,0.0001184,1,0
2064,محمد بن عبد الرحمن الاسدي,2,1,1,0.000007,0.0000933,0.0000779,3,0
2065,ابيه ⟨عبد الواحد بن ايمن⟩,3,2,1,0.000007,0.0001195,0.0000763,4,1
2066,حاتم بن ابي صغيرة,2,1,2,0.000007,0.0001081,0.0001319,0,0
2067,ابو ايوب,1,1,1,0.000007,0.0000958,0.0000773,2,0
2068,ثابتا مولي عبد الرحمن بن زيد,2,1,1,0.000007,0.0001225,0.0000755,2,0
2069,الاعرج عبد الرحمن,1,2,1,0.000007,0.0000914,0.0000917,7,0
2070,احد منهم مغيرة,1,1,1,0.000007,0.0000920,0.0000792,10,0
2071,رجل ثالث ايضا,1,1,1,0.000007,0.0000920,0.0000792,10,0
2072,فلان,2,1,2,0.000007,0.0001071,0.0000792,10,0
2073,زكرياء بن اسحاق المكي,1,1,1,0.000007,0.0000847,0.0000905,2,0
2074,عثمان بن عبد الله بن سراقة,1,1,1,0.000007,0.0000886,0.0000784,2,0
2075,اهل المدينة سالوا ابن عباس,1,1,1,0.000007,0.0000975,0.0002338,2,0
2076,عبد الله بن بكر السهمي,2,1,2,0.000007,0.0000915,0.0000831,0,0
2077,صالح ابي الخليل,2,1,1,0.000007,0.0001057,0.0000856,0,0
2078,ابا الخليل,1,1,1,0.000007,0.0000918,0.0000744,0,0
2079,ابي الخليل,2,1,1,0.000007,0.0001057,0.0000856,0,0
2080,بكر بن عمرو,1,1,1,0.000007,0.0001038,0.0000791,14,0
2081,ابيه ⟨عمر بن محمد⟩,1,1,1,0.000007,0.0000985,0.0000752,1,1
2082,محمد بن ابي عدي,2,1,1,0.000007,0.0000792,0.0001131,5,0
2083,يحيي وابن مهدي,1,1,1,0.000007,0.0000785,0.0000881,5,0
2084,غندر وعبد الرحمن,1,1,1,0.000007,0.0000785,0.0000881,5,0
2085,محمد بن جعفر غندر,1,1,1,0.000007,0.0000785,0.0000881,5,0
2086,ابن جعفر,1,1,1,0.000007,0.0000785,0.0000881,5,0
2087,عبد الملك بن صباح,1,1,1,0.000007,0.0000785,0.0000881,5,0
2088,العقدي,1,1,1,0.000007,0.0000785,0.0000881,5,0
2089,ابيه ⟨اشعث⟩,2,1,1,0.000007,0.0001234,0.0000834,3,1
2090,ابي طوالة,1,1,1,0.000007,0.0000859,0.0000722,0,0
2091,القاسم بن مخيمرة,1,1,1,0.000007,0.0001747,0.0001127,12,0
2092,عطاء بن يزيد الجندعي,1,1,1,0.000007,0.0000869,0.0000660,8,0
2093,الحارث,1,1,1,0.000007,0.0001696,0.0000679,9,0
2094,مخول بن راشد,1,1,1,0.000006,0.0000851,0.0000720,2,0
2095,الضحاك بن مخلد,1,1,1,0.000006,0.0000823,0.0000967,2,0
2096,عبد المجيد بن سهيل بن عبد الرحمن,1,1,1,0.000006,0.0000805,0.0000702,8,0
2097,عبد المجيد بن سهيل,1,1,1,0.000006,0.0000805,0.0000702,8,0
2098,سليمان بن حبيب,1,1,1,0.000006,0.0001038,0.0000818,8,0
2099,زرارة,1,1,1,0.000006,0.0000918,0.0000657,7,0
2100,سالم بن عبد الله بن عمر وابو بكر بن ابي حثمة,1,1,1,0.000006,0.0000907,0.0000648,11,0
2101,عبيدالله بن عبد الله بن عتبة,3,2,1,0.000006,0.0001051,0.0000783,1,0
2102,ابي الزبير,1,1,1,0.000006,0.0000875,0.0000746,2,0
2103,ابي حمزة,23,3,1,0.000006,0.0000906,0.0004909,4,0
2104,ابي ⟨اشعث⟩,2,1,1,0.000006,0.0001234,0.0001384,5,1
2105,عمرة ابنة عبد الرحمن,1,1,1,0.000006,0.0000880,0.0000810,3,0
2106,عباس الجريري هو ابن فروخ,1,1,1,0.000006,0.0000851,0.0000770,0,0
2107,عروة بن الزبير في رجال من اهل العلم,2,2,1,0.000006,0.0000960,0.0000695,1,0
2108,هاشم بن هاشم السعدي,1,1,1,0.000006,0.0001031,0.0000702,4,0
2109,ابا صالح الزيات,1,1,1,0.000006,0.0000893,0.0000660,8,0
2110,ابي العالية البراء,1,1,1,0.000006,0.0000883,0.0000659,2,0
2111,حنظلة بن قيس,1,1,1,0.000006,0.0000949,0.0000721,6,0
2112,سهيل بن ابي صالح انهما سمعا النعمان بن ابي عياش,1,1,1,0.000006,0.0000898,0.0000675,7,0
2113,حمران بن ابان,2,1,1,0.000006,0.0000955,0.0001304,6,0
2114,عثمان بن المغيرة,1,1,1,0.000006,0.0000948,0.0000737,2,0
2115,محمد بن كعب القرظي,1,1,1,0.000006,0.0000870,0.0000698,5,0
2116,ابو بشر جعفر بن اياس,1,1,1,0.000006,0.0000920,0.0000737,10,0
2117,ابيه ⟨يعقوب بن ابراهيم⟩,2,2,1,0.000006,0.0000890,0.0001088,10,1
2118,اخي ⟨اسماعيل بن عبد الله⟩,4,1,1,0.000006,0.0000851,0.0001260,8,1
2119,اخيه ⟨اسماعيل بن عبد الله⟩,1,1,1,0.000006,0.0000796,0.0000788,8,1
2120,عيسي هو ابن يونس,1,1,1,0.000006,0.0000787,0.0001082,3,0
2121,رواه يزيد بن ابراهيم,1,1,1,0.000006,0.0001587,0.0000831,0,0
2122,كهمس,1,1,1,0.000006,0.0001087,0.0000922,0,0
2123,ابراهيم هو ابن سعد,1,1,1,0.000006,0.0000788,0.0000841,5,0
2124,ابي ⟨يعقوب⟩,4,2,1,0.000006,0.0001190,0.0001510,1,1
2125,ابي ⟨عبد العزيز بن ابي حازم⟩,2,1,1,0.000006,0.0001061,0.0000732,13,1
2126,الحسين المعلم,1,1,1,0.000006,0.0001089,0.0000804,4,0
2127,ابيه ⟨سعيد بن ابي بردة بن ابي موسي الاشعري⟩,1,1,1,0.000006,0.0001501,0.0000685,5,1
2128,عمرو بن حريث,4,2,1,0.000006,0.0001267,0.0001162,9,0
2129,ابو معاوية شيبان,1,1,1,0.000006,0.0001052,0.0000980,4,0
2130,ابو بكر الحنفي,1,1,1,0.000006,0.0000785,0.0000843,3,0
2131,عبد العزيز بن عمر بن عبد العزيز,1,1,1,0.000005,0.0000935,0.0000752,8,0
2132,ابو احمد محمد بن عبد الله الزبيري,1,1,1,0.000005,0.0000804,0.0000915,10,0
2133,عمر بن محمد بن زيد بن عبد الله بن عمر,1,1,1,0.000005,0.0000842,0.0000780,1,0
2134,عمرو بن ابي عمرو مولي المطلب بن حنطب,1,1,1,0.000005,0.0000837,0.0000671,13,0
2135,حميد بن ابي حميد الطويل,1,1,1,0.000005,0.0000837,0.0000671,13,0
2136,سمي مولي ابي بكر بن عبد الرحمن,2,1,1,0.000005,0.0000831,0.0000756,7,0
2137,حسين بن محمد ابو احمد,1,1,1,0.000005,0.0000838,0.0000798,13,0
2138,زياد بن جبير بن حية,1,1,1,0.000005,0.0001050,0.0000741,15,0
2139,لو شيت,1,1,1,0.000005,0.0000937,0.0000900,0,0
2140,مسلم البطين,2,1,2,0.000005,0.0001036,0.0000717,2,0
2141,عبد الله مولي اسماء,1,1,1,0.000005,0.0000898,0.0000802,3,0
2142,بريد بن ابي بردة,2,1,2,0.000005,0.0000903,0.0000734,12,0
2143,الاشعث بن سليم سمعا الاسود بن هلال,1,1,1,0.000005,0.0000851,0.0000721,2,0
2144,لي ابن ابي نجيح,1,1,1,0.000005,0.0000866,0.0000737,2,0
2145,سليمان بن ابي مسلم الاحول,1,1,1,0.000005,0.0000866,0.0000737,2,0
2146,صالح بن حيان,1,1,1,0.000005,0.0001482,0.0001317,12,0
2147,ابي ⟨اسحاق بن سعيد بن عمرو بن سعيد بن العاص⟩,1,1,1,0.000005,0.0001185,0.0000976,10,1
2148,النضر بن شميل,1,1,1,0.000005,0.0000830,0.0000833,0,0
2149,كثير بن كثير يزيد احدهما علي الاخر,1,1,1,0.000005,0.0000909,0.0000674,3,0
2150,كثير بن كثير بن المطلب بن ابي وداعة يزيد احدهما علي الاخر,1,1,1,0.000005,0.0000909,0.0000674,3,0
2151,الزهري اخبرتني هند بنت الحارث,1,1,1,0.000005,0.0000909,0.0000667,3,0
2152,قتادة سمعوا سالم بن ابي الجعد,1,1,1,0.000005,0.0000851,0.0000648,2,0
2153,بيان ابي بشر,1,1,1,0.000005,0.0000834,0.0000739,8,0
2154,ادريس,2,1,1,0.000005,0.0000873,0.0001037,12,0
2155,عمرو بن اوس الثقفي,1,1,1,0.000005,0.0000893,0.0001206,2,0
2156,اللفظ لجرير,1,1,1,0.000005,0.0000872,0.0000821,6,0
2157,جرير وابو اسامة,1,1,1,0.000005,0.0000872,0.0000821,6,0
2158,ابي حمزة الضبعي,1,1,1,0.000005,0.0000831,0.0000659,2,0
2159,معن بن محمد الغفاري,2,1,1,0.000005,0.0001297,0.0001223,0,0
2160,حفظناه من عمرو بن دينار,1,1,1,0.000005,0.0000866,0.0000648,2,0
2161,ابي ⟨وهب⟩,1,1,1,0.000005,0.0000958,0.0000852,5,1
2162,المغيرة بن النعمان,6,1,2,0.000005,0.0001260,0.0000887,2,0
2163,هو ابن زيد,2,2,2,0.000005,0.0000851,0.0000894,0,0
2164,الشيباني سليمان,1,1,1,0.000005,0.0000914,0.0000850,9,0
2165,هلال بن ابي هلال,1,1,1,0.000005,0.0000889,0.0000678,8,0
2166,ابو معمر مرة,1,1,2,0.000005,0.0005205,0.0000721,0,0
2167,عبد الله الداناج,1,1,1,0.000005,0.0001015,0.0000700,9,0
2168,ابا عثمان النهدي,2,1,2,0.000005,0.0001204,0.0000656,0,0
2169,علي بن مبارك,1,1,1,0.000005,0.0000847,0.0000804,6,0
2170,اسحاق بن عبدالله بن ابي طلحة,1,1,1,0.000005,0.0000947,0.0000671,0,0
2171,زكرياء هو ابن ابي زايدة,1,1,1,0.000004,0.0000825,0.0000844,5,0
2172,عبد الله بن معقل,3,1,2,0.000004,0.0001353,0.0000666,5,0
2173,الحسن وابن سيرين,1,1,1,0.000004,0.0000937,0.0000657,0,0
2174,خلاس,3,1,1,0.000004,0.0001254,0.0000710,0,0
2175,ابيه ⟨وهب بن جرير⟩,1,1,1,0.000004,0.0000963,0.0000818,3,1
2176,عبيدة بن حميد ابو عبد الرحمن,1,1,1,0.000004,0.0000825,0.0000759,0,0
2177,قلت لابي اسامة احدثكم زايدة,1,1,1,0.000004,0.0000793,0.0000788,4,0
2178,الضحاك المشرقي,1,1,1,0.000004,0.0000900,0.0000647,8,0
2179,اسحاق بن ابي طلحة,1,1,1,0.000004,0.0000805,0.0000671,0,0
2180,عباد بن تميم الانصاري,1,1,1,0.000004,0.0000880,0.0000698,9,0
2181,يحيي بن وثاب,1,1,1,0.000004,0.0001041,0.0000733,3,0
2182,ابيه ⟨عامر بن سعد بن ابي وقاص⟩,5,1,1,0.000004,0.0001728,0.0000825,1,1
2183,افلح,2,1,2,0.000004,0.0000850,0.0000817,3,0
2184,قريش هو ابن حيان,1,1,1,0.000004,0.0001342,0.0000721,5,0
2185,ابا حصين,1,1,1,0.000004,0.0001052,0.0000900,3,0
2186,ذكوان ابي صالح,1,1,1,0.000004,0.0000870,0.0000647,8,0
2187,كتبت,1,1,1,0.000004,0.0000823,0.0001219,1,0
2188,سليمان بن ابي مسلم,3,1,2,0.000004,0.0001015,0.0000747,2,0
2189,ابو هاشم,2,1,1,0.000004,0.0001061,0.0000918,0,0
2190,عبد الله بن عبد الرحمن بن ابي بكر الصديق,1,1,1,0.000004,0.0001552,0.0000765,3,0
2191,ابو بكر هو ابن عياش,1,1,1,0.000004,0.0000943,0.0000744,7,0
2192,الحسن بن موسي الاشيب,1,1,1,0.000004,0.0000998,0.0000829,10,0
2193,ذكر لابن عمر,1,1,1,0.000004,0.0000951,0.0000751,7,0
2194,صالح بن صالح الهمداني,1,1,1,0.000004,0.0000832,0.0000792,9,0
2195,عروة وابي بكر,1,1,1,0.000004,0.0000869,0.0000679,3,0
2196,عروة وابن المسيب,1,1,1,0.000004,0.0000869,0.0000679,3,0
2197,عيسي وابن ادريس وابن ابي غنية,1,1,1,0.000004,0.0000830,0.0000808,10,0
2198,اسحاق بن سليمان,1,1,1,0.000004,0.0000846,0.0000870,5,0
2199,ابيه ⟨عمر بن ذر⟩,1,1,1,0.000004,0.0001058,0.0000674,2,1
2200,ابي ⟨عمر بن ذر⟩,2,1,1,0.000004,0.0001338,0.0000717,2,1
2201,صلة بن زفر,2,1,2,0.000004,0.0001280,0.0000665,4,0
2202,ميسرة الاشجعي,1,1,1,0.000004,0.0001005,0.0000689,3,0
2203,ميسرة,2,1,2,0.000004,0.0001093,0.0000746,13,0
2204,ابن شهاب ذكر عروة,1,2,1,0.000004,0.0000831,0.0000833,1,0
2205,ابو العلاء بن الشخير,1,1,1,0.000004,0.0000995,0.0000942,0,0
2206,ابيه ⟨واقد بن محمد⟩,1,1,1,0.000003,0.0000970,0.0000752,5,1
2207,عبد الرحمن هو ابن القاسم,1,1,1,0.000003,0.0000866,0.0000724,3,0
2208,رجل لم يسمه,1,1,1,0.000003,0.0000831,0.0001045,0,0
2209,ابو حمزة,5,2,1,0.000003,0.0000800,0.0001710,4,0
2210,ابن عبيدة بن نشيط,2,2,1,0.000003,0.0001134,0.0000977,1,0
2211,كان من اصحاب ابي هريرة,3,2,2,0.000003,0.0001126,0.0000781,1,0
2212,المسيب بن رافع,1,1,1,0.000003,0.0000869,0.0000823,6,0
2213,ورقاء بن عمر,1,1,1,0.000003,0.0000913,0.0000813,3,0
2214,محمد بن عبد الرحمن بن ثوبان,1,1,1,0.000003,0.0000834,0.0000648,2,0
2215,عبيد الله بن مقسم,1,1,1,0.000003,0.0000834,0.0000648,2,0
2216,ابو زرعة بن عمرو بن جرير,1,1,1,0.000003,0.0001393,0.0000693,7,0
2217,ابيه ⟨عباية بن رفاعة⟩,1,1,1,0.000003,0.0001124,0.0000685,6,1
2218,محمد بن عمرو بن حلحلة الديلي,1,1,1,0.000003,0.0000837,0.0001173,13,0
2219,الفزاري وابو خالد الاحمر,1,1,1,0.000003,0.0000860,0.0000710,0,0
2220,ابيه ⟨محمد بن فضيل⟩,3,3,1,0.000003,0.0001074,0.0000881,9,1
2221,عبد الله بن ابي السفر,5,1,1,0.000003,0.0001143,0.0001435,9,0
2222,ابن ابي السفر,1,1,1,0.000003,0.0000851,0.0000792,9,0
2223,حصين وابن ابي السفر,1,1,1,0.000003,0.0000851,0.0000792,9,0
2224,زبيد الايامي,1,1,1,0.000003,0.0000851,0.0000792,9,0
2225,هلال بن علي من بني عامر بن لوي,2,1,1,0.000003,0.0001081,0.0000724,11,0
2226,اسحاق هو ابن سعيد,1,1,1,0.000003,0.0000829,0.0000827,0,0
2227,الضحاك,1,1,1,0.000003,0.0000907,0.0000647,8,0
2228,ابو التياح يزيد بن حميد الضبعي,1,1,1,0.000003,0.0000958,0.0000671,10,0
2229,سليمان بن حيان,1,1,1,0.000003,0.0000855,0.0000754,11,0
2230,ابي احمد,1,1,1,0.000003,0.0000815,0.0000855,12,0
2231,ابيه ⟨ابن المسيب⟩,2,1,1,0.000003,0.0001025,0.0000780,1,1
2232,محمد بن عمرو بن الحسن بن علي,2,1,2,0.000003,0.0001553,0.0000648,5,0
2233,امراته فاطمة بنت المنذر,1,1,1,0.000003,0.0000892,0.0000658,3,0
2234,اخبرتني فاطمة بنت المنذر امراتي,1,1,1,0.000003,0.0000892,0.0000658,3,0
2235,معروف بن خربوذ,1,1,1,0.000003,0.0000825,0.0001490,4,0
2236,عبثر,1,1,1,0.000003,0.0000803,0.0000791,9,0
2237,حسن بن مسلم,1,1,1,0.000003,0.0000898,0.0000737,2,0
2238,سلمة بن سليمان,1,1,1,0.000003,0.0000846,0.0000954,3,0
2239,ابيه ⟨سعيد بن ابي سعيد⟩,6,2,1,0.000003,0.0001961,0.0000791,7,1
2240,ابن شهاب حدث,1,1,1,0.000003,0.0000956,0.0000915,1,0
2241,عاصم بن محمد,7,3,3,0.000003,0.0000978,0.0003938,5,0
2242,نافع مولي ابي قتادة وابي صالح مولي التوامة,1,1,1,0.000003,0.0000924,0.0000721,6,0
2243,محمد بن الزبرقان,1,1,1,0.000003,0.0000823,0.0000780,11,0
2244,عياض بن عبد الله بن سعد بن ابي سرح العامري,1,1,1,0.000003,0.0000906,0.0000660,8,0
2245,عبد الرحمن بن المغيرة,1,1,1,0.000003,0.0001108,0.0001295,7,0
2246,ابراهيم بن ابي الوزير,1,1,1,0.000003,0.0000840,0.0000817,3,0
2247,{ عبد الله },1,1,1,0.000003,0.0000813,0.0000725,3,0
2248,ابو طوالة اسمه عبد الله بن عبد الرحمن,1,1,1,0.000003,0.0000881,0.0000751,6,0
2249,اخبرتني عمرة,3,1,2,0.000003,0.0000967,0.0000775,3,0
2250,حصين بن نمير,2,1,1,0.000003,0.0000814,0.0001172,2,0
2251,هشام فاخبرني ابي,1,1,1,0.000003,0.0000839,0.0000679,12,0
2252,كان ثقة,1,1,1,0.000003,0.0000866,0.0000674,2,0
2253,عباد بن راشد,1,1,1,0.000003,0.0000961,0.0001045,0,0
2254,صالح بن حي ابو حسن,1,1,1,0.000003,0.0000947,0.0000792,9,0
2255,موسي هو ابن عقبة,1,1,1,0.000003,0.0000832,0.0000869,11,0
2256,حفظناه من عمرو,1,1,1,0.000003,0.0000866,0.0000689,2,0
2257,هشام بن حجير,1,1,1,0.000003,0.0000866,0.0000689,2,0
2258,ابن فلان,1,1,1,0.000003,0.0000852,0.0000768,7,0
2259,عبد الرحمن بن هرمز الاعرج مولي ربيعة بن الحارث,1,1,1,0.000003,0.0000835,0.0000693,1,0
2260,هشام هو ابن يوسف,1,1,1,0.000003,0.0000787,0.0000831,3,0
2261,عطاء بن السايب,1,1,1,0.000003,0.0000920,0.0000674,10,0
2262,ابا حاتم الاشهل بن حاتم,1,1,1,0.000003,0.0000825,0.0000833,10,0
2263,هو الشيباني,1,1,1,0.000003,0.0000902,0.0000683,12,0
2264,الزهري فاخبرني ابو سلمة بن عبد الرحمن,1,1,1,0.000003,0.0000909,0.0000648,2,0
2265,ذكر لنا انس بن مالك,2,1,1,0.000003,0.0001057,0.0000846,0,0
2266,مالكا,2,2,2,0.000003,0.0000802,0.0001134,8,0
2267,ابيه ⟨ابن ابي حازم⟩,9,3,1,0.000003,0.0001367,0.0001222,13,1
2268,ابا صالح يذكر اراه,1,1,1,0.000003,0.0000900,0.0000746,2,0
2269,عمرو بن ميمون بن مهران,1,1,1,0.000003,0.0000830,0.0000744,5,0
2270,ايمن بن نابل,1,1,1,0.000003,0.0000901,0.0000721,2,0
2271,الفضل بن عنبسة,1,1,1,0.000003,0.0000823,0.0000860,10,0
2272,ابي ⟨محمد بن عبد الله⟩,1,1,1,0.000002,0.0000838,0.0000755,13,1
2273,سعيد بن منصور,1,1,1,0.000002,0.0000829,0.0000851,10,0
2274,نعيم بن عبد الله المجمر,2,1,1,0.000002,0.0000831,0.0000684,7,0
2275,عبد الله بن ابي عتبة,2,1,1,0.000002,0.0001057,0.0000662,8,0
2276,ابي المتوكل الناجي,1,1,1,0.000002,0.0000918,0.0000647,8,0
2277,عبد الله هو ابن ابي عتبة مولي انس,1,1,1,0.000002,0.0000918,0.0000647,8,0
2278,حدث ابن عمر,1,1,1,0.000002,0.0001523,0.0000693,11,0
2279,غيره يزيد بعضهم علي,1,1,1,0.000002,0.0000898,0.0000648,2,0
2280,ابا رافع,1,1,1,0.000002,0.0000918,0.0000693,0,0
2281,حفص بن عمر ابو عمر الحوضي,1,1,1,0.000002,0.0000804,0.0000810,10,0
2282,معلي بن منصور,1,1,1,0.000002,0.0000804,0.0000810,10,0
2283,معاوية بن سلام بن ابي سلام الحبشي الدمشقي,1,1,1,0.000002,0.0000861,0.0000804,10,0
2284,معاوية بن سلام,1,1,1,0.000002,0.0000861,0.0000804,10,0
2285,عاصم بن علي,9,2,1,0.000002,0.0000838,0.0002881,7,0
2286,المثني,1,1,1,0.000002,0.0000903,0.0000709,5,0
2287,ابو صفوان عبد الله بن سعيد,2,1,1,0.000002,0.0000868,0.0001072,4,0
2288,ابي مراوح,1,1,1,0.000002,0.0000887,0.0000661,4,0
2289,معبد بن سيرين,1,1,1,0.000002,0.0001047,0.0000647,8,0
2290,عطاء بن مينا,1,1,1,0.000002,0.0000893,0.0000657,2,0
2291,ربعي,5,1,2,0.000002,0.0001358,0.0000716,4,0
2292,ابي ⟨ابن نمير⟩,1,1,1,0.000002,0.0000839,0.0001082,12,1
2293,عبد الرحمن هو ابن هرمز,1,1,1,0.000002,0.0000893,0.0000657,7,0
2294,سالم وابي بكر بن سليمان بن ابي حثمة,1,1,1,0.000002,0.0000869,0.0000648,11,0
2295,سالم ابني عبد الله بن عمر,1,1,1,0.000002,0.0000869,0.0000648,11,0
2296,عطاء وابي الزبير,1,1,1,0.000002,0.0000898,0.0000746,2,0
2297,ابن منكدر,1,1,1,0.000002,0.0000898,0.0000746,2,0
2298,ازهر,3,1,2,0.000002,0.0000947,0.0001237,0,0
2299,اسحاق الكلبي,1,1,1,0.000002,0.0001026,0.0000861,3,0
2300,يونس وابن عيينة,1,1,1,0.000002,0.0001026,0.0000861,3,0
2301,ابو عوانة اسمه الوضاح من كتابه,1,1,1,0.000002,0.0000934,0.0000920,9,0
2302,شبابة بن سوار الفزاري,1,1,1,0.000002,0.0000804,0.0000834,10,0
2303,ابي يونس القشيري,1,1,1,0.000002,0.0000816,0.0000879,2,0
2304,عبد السلام,1,1,1,0.000002,0.0000829,0.0000818,0,0
2305,عبد الله بن يزيد الانصاري,2,1,1,0.000002,0.0000971,0.0000685,5,0
2306,ابو شهاب عبد ربه بن نافع,1,1,1,0.000002,0.0000788,0.0000852,5,0
2307,ابراهيم بن عبد الرحمن بن عبد الله بن ابي ربيعة,1,1,1,0.000002,0.0000906,0.0000648,13,0
2308,ابن ابي فديك,1,1,1,0.000002,0.0000789,0.0000816,11,0
2309,سليمان بن بلال المديني,1,1,1,0.000002,0.0001003,0.0000800,3,0
2310,عبد العزيز الماجشون,2,2,2,0.000002,0.0000804,0.0000836,5,0
2311,كريب مولي عبد الله بن عباس,1,1,1,0.000002,0.0000921,0.0000693,8,0
2312,ابو اسحاق هو الشيباني,1,1,1,0.000002,0.0000902,0.0000868,3,0
2313,عثمان هو ابن موهب,2,1,1,0.000002,0.0000890,0.0000693,9,0
2314,كان كاتبا له,1,1,1,0.000002,0.0000950,0.0000659,8,0
2315,ابن كعب,1,1,1,0.000002,0.0001285,0.0000691,8,0
2316,ثور بن زيد المدني,1,1,1,0.000002,0.0000881,0.0000694,6,0
2317,جعفر بن اياس,1,1,1,0.000002,0.0000851,0.0000674,2,0
2318,مغيرة بن النعمان,1,1,1,0.000002,0.0000851,0.0000674,2,0
2319,المغيرة بن النعمان شيخ من النخع,1,1,1,0.000002,0.0000851,0.0000674,2,0
2320,ابي الشعثاء,2,1,2,0.000002,0.0001116,0.0000648,4,0
2321,سنان بن ابي سنان الدولي,3,2,2,0.000002,0.0001089,0.0000727,1,0
2322,املي علي هشام بن يوسف من حفظه,1,1,1,0.000002,0.0000840,0.0000831,3,0
2323,ابن شهاب فاخبرني حميد بن عبد الرحمن,1,1,1,0.000002,0.0000831,0.0000693,1,0
2324,عبد الله بن ابي حسين,5,1,1,0.000002,0.0000891,0.0001241,2,0
2325,ايوب بن عايذ,1,1,1,0.000002,0.0000832,0.0000740,12,0
2326,ايوب بن ابي تميمة,1,1,1,0.000002,0.0000819,0.0000724,0,0
2327,عبد الرحمن بن ابي نعم,1,1,1,0.000002,0.0001161,0.0000660,8,0
2328,ابو صفوان,2,1,1,0.000002,0.0000828,0.0001068,1,0
2329,ابا الاسود الديلي,3,2,1,0.000002,0.0002051,0.0000825,0,0
2330,اسامة بن حفص المدني,1,1,1,0.000002,0.0000872,0.0000725,3,0
2331,عبد الرحمن بن شريح,1,1,1,0.000002,0.0000842,0.0000791,0,0
2332,همام بن منبه اخي وهب بن منبه,1,1,1,0.000002,0.0000909,0.0000693,3,0
2333,محمد بن فليح بن سليمان,1,1,1,0.000002,0.0000789,0.0000780,11,0
2334,عمرو بن يحيي بن سعيد بن عمرو المكي,1,1,1,0.000002,0.0000910,0.0001190,7,0
2335,زيد بن رباح,1,1,1,0.000002,0.0000805,0.0000782,7,0
2336,عبيد الله بن ابي عبد الله الاغر,1,1,1,0.000002,0.0000805,0.0000782,7,0
2337,معاذ بن هاني,1,1,1,0.000002,0.0000792,0.0000775,6,0
2338,عياض بن عبد الله بن ابي سرح,2,1,2,0.000002,0.0001138,0.0000662,8,0
2339,سعيد وابي سلمة,1,1,1,0.000002,0.0000907,0.0000657,7,0
2340,سعيد بن المسيب وابا عبيد اخبراه,2,1,1,0.000002,0.0001035,0.0000684,7,0
2341,عمرو بن ابي سفيان الثقفي,1,1,1,0.000002,0.0000907,0.0000657,7,0
2342,ابي سلمة وابن المسيب,1,1,1,0.000002,0.0000907,0.0000657,7,0
2343,ابي عبيد اسمه سعد بن عبيد مولي عبد الرحمن بن ازهر,1,1,1,0.000002,0.0000907,0.0000657,7,0
2344,زياد بن الربيع,1,1,1,0.000002,0.0001108,0.0000915,0,0
2345,ابن انس,1,1,1,0.000002,0.0000844,0.0000648,2,0
2346,حفص بن عبيد الله بن انس بن مالك,1,1,1,0.000002,0.0000844,0.0000648,2,0
2347,يزيد هو ابن زريع,1,1,1,0.000002,0.0000796,0.0000779,0,0
2348,ازهر السمان,1,1,1,0.000002,0.0000840,0.0000833,0,0
2349,ابي بكر بن ابي موسي وابي بردة احسبه,1,1,1,0.000001,0.0000935,0.0000686,0,0
2350,عبد الرحمن بن عبد القاري,2,1,1,0.000001,0.0001053,0.0000658,1,0
2351,ابي ⟨نصر بن علي⟩,1,1,1,0.000001,0.0000998,0.0000847,6,1
2352,شبل,3,1,2,0.000001,0.0001331,0.0001102,2,0
2353,نافع مولي ابي قتادة,1,1,1,0.000001,0.0000888,0.0000691,6,0
2354,هشام بن ابي عبد الله الدستوايي,1,1,1,0.000001,0.0000803,0.0000804,6,0
2355,هشام هو الدستوايي,1,1,1,0.000001,0.0000803,0.0000804,6,0
2356,ابن شهاب فاخبرني عروة بن الزبير,4,1,1,0.000001,0.0000988,0.0000696,1,0
2357,محمد بن جعفر بن الزبير بن العوام بن خويلد,1,1,1,0.000001,0.0000903,0.0000767,3,0
2358,طلحة بن عبد الملك,2,1,1,0.000001,0.0000831,0.0000817,3,0
2359,عبد الله بن بكر,2,1,1,0.000001,0.0000872,0.0000831,10,0
2360,زعم عروة بن الزبير,1,2,1,0.000001,0.0000906,0.0000833,1,0
2361,محمد بن شهاب,1,2,1,0.000001,0.0000906,0.0000833,1,0
2362,محمد بن ابي حرملة,1,1,1,0.000001,0.0000878,0.0000706,2,0
2363,كان غزا مع النبي ثنتي عشرة غزوة,1,1,1,0.000001,0.0001232,0.0000900,8,0
2364,اسباط ابو اليسع البصري,1,1,1,0.000001,0.0000861,0.0001260,0,0
2365,ابي ⟨محمد بن الحسين بن ابراهيم⟩,1,1,1,0.000001,0.0000998,0.0000788,10,1
2366,معاوية بن سويد,2,1,2,0.000001,0.0001238,0.0001778,5,0
2367,عبد الله بن يزيد وابي النضر مولي عمر بن عبيد الله,1,1,1,0.000001,0.0000805,0.0000683,7,0
2368,ابا العباس المكي,1,1,1,0.000001,0.0001002,0.0000667,1,0
2369,كان شاعرا,1,1,1,0.000001,0.0001002,0.0000667,1,0
2370,علقمة بن ابي علقمة,1,1,1,0.000001,0.0000881,0.0000781,7,0
2371,الزبير بن خريت,2,1,1,0.000001,0.0001007,0.0000725,0,0
2372,ابو حازم المدني,1,1,1,0.000001,0.0000969,0.0000693,6,0
2373,يحيي بن سعيد بن حيان,1,1,1,0.000001,0.0000832,0.0000679,9,0
2374,خرشة بن الحر,2,1,1,0.000001,0.0001148,0.0000690,4,0
2375,ازهر بن سعد,4,1,2,0.000001,0.0000926,0.0001439,0,0
2376,عروة بن المغيرة بن شعبة,1,1,1,0.000001,0.0001251,0.0000677,4,0
2377,عبد الله بن كثير,4,1,1,0.000001,0.0001508,0.0001175,2,0
2378,عبد الله بن سخبرة ابو معمر,1,1,1,0.000001,0.0001149,0.0000673,2,0
2379,لا اعلمه الا تحدث,1,1,1,0.000001,0.0000825,0.0000752,9,0
2380,قلت لابي اسامة حدثكم الاعمش,1,1,1,0.000001,0.0000793,0.0000960,4,0
2381,عاصم بن عمر,1,1,1,0.000001,0.0001235,0.0000648,2,0
2382,نافع مولي عبد الله بن عمر بن الخطاب,1,1,1,0.000001,0.0001085,0.0000648,11,0
2383,عبدالحميد صاحب الزيادي,1,1,1,0.000001,0.0000831,0.0000744,0,0
2384,ابي محمد مولي ابي قتادة,5,2,3,0.000001,0.0003034,0.0000989,6,0
2385,عباس الساعدي,2,1,1,0.000001,0.0000982,0.0000765,3,0
2386,فضل بن مساور ختن ابي عوانة,1,1,1,0.000001,0.0000824,0.0000808,9,0
2387,اسماعيل بن عبيد الله,1,1,1,0.000001,0.0001463,0.0001013,6,0
2388,ابا سلمة ببيتنا,1,1,1,0.000001,0.0000912,0.0000657,7,0
2389,ابا تميمة,1,1,1,0.000001,0.0001431,0.0000770,15,0
2390,سعيد بن الحارث الانصاري,1,1,1,0.000001,0.0000856,0.0000648,11,0
2391,ابي العباس الشاعر الاعمي,1,1,1,0.000001,0.0000856,0.0000648,11,0
2392,عمي ⟨عبيد الله بن سعد بن ابراهيم⟩,1,1,1,0.000001,0.0000998,0.0001349,1,1
2393,محمد بن موسي بن اعين,1,1,1,0.000001,0.0000998,0.0001378,5,0
2394,محمد بن عبيد الطنافسي,1,1,1,0.000001,0.0000838,0.0001105,13,0
2395,ابن المسيب وابي سلمة,2,2,1,0.000001,0.0000960,0.0000719,1,0
2396,سعيد بن المسيب وابي سلمة بن عبد الرحمن,4,2,1,0.000001,0.0001142,0.0000772,1,0
2397,يعقوب بن عبد الرحمن الزهري,1,1,1,0.000001,0.0000842,0.0000799,1,0
2398,ابي عميس,1,1,1,0.000001,0.0000826,0.0000740,12,0
2399,ابيه ⟨علي بن حسين بن علي⟩,1,1,1,0.000001,0.0001516,0.0000685,1,1
2400,ابيه ⟨ابي بن عباس بن سهل⟩,1,1,1,0.000001,0.0001719,0.0000685,11,1
2401,زيد بن واقد,1,1,1,0.000001,0.0001248,0.0001345,6,0
2402,عمرو بن ابي سفيان بن اسيد بن جارية الثقفي,1,1,1,0.000001,0.0000907,0.0000693,1,0
2403,هو حليف لبني زهرة,1,1,1,0.000001,0.0000907,0.0000693,1,0
2404,قبيصة بن ذويب,1,1,1,0.000001,0.0000907,0.0000693,1,0
2405,ابو عبيد مولي عبد الرحمن بن عوف,1,1,1,0.000001,0.0000907,0.0000693,1,0
2406,عمرو بن ابي سفيان بن اسيد بن جارية الثقفي حليف لبني زهرة,1,1,1,0.000001,0.0000907,0.0000693,1,0
2407,عيسي وابن ادريس,1,1,1,0.000001,0.0000851,0.0000808,3,0
2408,صلة,2,1,1,0.000001,0.0001161,0.0000665,4,0
2409,لكن عروة,1,1,1,0.000001,0.0000914,0.0001127,1,0
2410,بشر بن بكر التنيسي,1,1,1,0.000001,0.0000787,0.0000951,6,0
2411,ابو حازم المديني,1,1,1,0.000001,0.0000831,0.0000678,13,0
2412,شعيب بن حرب,1,1,1,0.000001,0.0000943,0.0000827,12,0
2413,عبد الله بن جعفر الرقي,3,1,1,0.000001,0.0001273,0.0002522,15,0
2414,عمرو بن عثمان,3,1,1,0.000001,0.0001187,0.0000707,3,0
2415,عمرو بن عثمان بن عفان,1,1,1,0.000001,0.0000914,0.0000656,3,0
2416,عتبة بن مسلم,1,1,1,0.000001,0.0000881,0.0000735,2,0
2417,كثير بن شنظير,1,1,1,0.000001,0.0000819,0.0000683,0,0
2418,سمعه من الاعرج,1,1,1,0.000001,0.0000907,0.0000745,1,0
2419,عبد الكريم الجزري,1,1,1,0.000001,0.0000909,0.0000678,3,0
2420,سعيد بن المسيب وابي سلمة بن عبد الرحمن انهما اخبراه,1,1,1,0.000001,0.0000869,0.0000657,7,0
2421,ابي سلمة وابي عبد الله الاغر,1,1,1,0.000001,0.0000869,0.0000657,7,0
2422,ابي عبيد مولي ابن ازهر,2,1,1,0.000001,0.0000960,0.0000657,1,0
2423,ابي سلمة وعبد الرحمن الاعرج,1,1,1,0.000001,0.0000869,0.0000657,7,0
2424,الاغر,1,1,1,0.000001,0.0000869,0.0000657,7,0
2425,عمر بن اسيد بن جارية الثقفي حليف بني زهرة,1,1,1,0.000001,0.0000869,0.0000657,7,0
2426,ابي عبد الله الاغر وابي سلمة بن عبد الرحمن,1,1,1,0.000001,0.0000869,0.0000657,7,0
2427,بشر بن السري,1,1,1,0.000001,0.0000823,0.0000885,2,0
2428,عبد الله بن محمد بن ابي بكر اخبر عبد الله بن عمر,2,1,1,0.000001,0.0001056,0.0000664,11,0
2429,ابن ابي بكر اخبر عبد الله بن عمر,1,1,1,0.000001,0.0000917,0.0000647,11,0
2430,جرير بن حازم الازدي,1,1,1,0.000001,0.0000791,0.0000740,3,0
2431,ابي عبد الله بن المثني,2,1,1,0.000001,0.0001009,0.0001021,0,0
2432,ابو عمر,1,1,1,0.000001,0.0000803,0.0000989,13,0
2433,يعقوب بن عبد الرحمن القاري,3,1,2,0.000001,0.0000801,0.0000804,13,0
2434,ابيه ⟨صالح بن ابراهيم بن عبد الرحمن بن عوف⟩,3,1,1,0.000001,0.0002258,0.0000793,1,1
2435,ابيه ⟨صالح بن ابراهيم⟩,1,1,1,0.000001,0.0001712,0.0000685,1,1
2436,يحيي بن سعيد القطان,1,1,1,0.000001,0.0000796,0.0000835,3,0
2437,عمر بن عبيد الطنافسي,1,1,1,0.000001,0.0000825,0.0001112,0,0
2438,عمرو بن الشريد,5,1,1,0.000001,0.0001665,0.0000741,4,0
2439,قلت لابي اسامة حدثكم ادريس,1,1,1,0.000001,0.0000793,0.0000769,4,0
2440,ابو امامة بن سهل بن حنيف,1,1,1,0.000001,0.0000869,0.0000647,8,0
2441,لم اسمع احدا,1,1,1,0.000001,0.0001606,0.0000900,5,0
2442,عباد بن عباد,1,1,1,0.000001,0.0000796,0.0000793,9,0
2443,ومع بسر بن سعيد عبيد الله الخولاني الذي كان في حجر ميمونة زوج النبي حدثهما زيد بن خالد,1,1,1,0.000001,0.0003384,0.0000810,2,0
2444,المغيرة بن سلمة,1,1,1,0.000001,0.0000793,0.0000768,4,0
2445,محمد بن جعفر بن ابي كثير,1,1,1,0.000001,0.0000793,0.0000731,13,0
2446,يحيي بن زكرياء بن ابي زايدة,1,1,1,0.000001,0.0000910,0.0001312,10,0
2447,عايذ الله ابي ادريس,1,1,1,0.000001,0.0001579,0.0000900,6,0
2448,يحيي وابن ابي عدي,1,1,1,0.000001,0.0000785,0.0000827,0,0
2449,مجمع ابني يزيد بن جارية,1,1,1,0.000001,0.0000911,0.0000765,3,0
2450,مجمع ابني يزيد بن جارية الانصاري,1,1,1,0.000001,0.0000911,0.0000765,3,0
2451,عبيد الله بن عبد المجيد,1,1,1,0.000001,0.0000824,0.0000834,5,0
2452,يزيد الفقير,2,1,2,0.000001,0.0001748,0.0000665,10,0
2453,الجعد بن عبد الرحمن,1,1,1,0.000001,0.0000837,0.0000754,3,0
2454,حبان بن هلال ابو حبيب,1,1,1,0.000001,0.0001108,0.0001658,2,0
2455,عاصم بن يوسف اليربوعي,2,2,1,0.000001,0.0000856,0.0001212,12,0
2456,يونس بن محمد البغدادي,2,1,1,0.000001,0.0000902,0.0000965,3,0
2457,سلم بن زرير,4,2,1,0.000001,0.0000803,0.0001571,5,0
2458,صدقة بن خالد,2,2,1,0.000001,0.0001108,0.0002930,6,0
2459,محمد بن وهب بن عطية الدمشقي,1,1,1,0.000001,0.0000998,0.0001148,5,0
2460,الفضل بن دكين,2,2,1,0.000001,0.0000817,0.0001475,12,0
2461,ابا الحباب سعيد بن يسار,1,1,1,0.000001,0.0000844,0.0000693,6,0
2462,عبد العزيز هو ابن ابي سلمة,1,1,1,0.000001,0.0000800,0.0000767,5,0
2463,حماد بن مسعدة,1,1,1,0.000000,0.0000838,0.0000698,13,0
2464,محمد بن علي,7,1,3,0.000000,0.0002041,0.0000733,2,0
2465,سعيد بن مينا,1,1,1,0.000000,0.0000981,0.0000648,2,0
2466,يحيي بن ايوب,2,1,1,0.000000,0.0000855,0.0000831,13,0
2467,كان في موضع اخر اسمه عبد الله,1,1,1,0.000000,0.0000956,0.0000693,1,0
2468,حسين بن الحسن,1,1,1,0.000000,0.0000824,0.0000833,0,0
2469,حاتم هو ابن اسماعيل,1,1,1,0.000000,0.0000807,0.0001116,2,0
2470,ابي قتادة بن ربعي الانصاري,1,1,1,0.000000,0.0001870,0.0000797,8,0
2471,ابراهيم بن عبد الرحمن,2,1,2,0.000000,0.0002616,0.0000688,8,0
2472,جويرية بن قدامة التميمي,1,1,1,0.000000,0.0001210,0.0000658,8,0
2473,عطاء بن يزيد الليثي ثم الجندعي,1,1,1,0.000000,0.0000970,0.0001417,10,0
2474,ابن ابي الموالي,1,1,1,0.000000,0.0000786,0.0000767,2,0
2475,الصنابحي,3,1,1,0.000000,0.0001161,0.0000694,1,0
2476,ابو حيان,1,1,1,0.000000,0.0000927,0.0000679,3,0
2477,عبد الرحمن بن سليمان بن حنظلة بن الغسيل,1,1,1,0.000000,0.0000829,0.0000678,2,0
2478,ابيه ⟨عبد الرحمن بن عبد الله بن عبد الرحمن بن ابي صعصعة الانصاري ثم المازني⟩,1,1,1,0.000000,0.0001461,0.0000660,8,1
2479,ابيه ⟨عبد الرحمن بن عبد الله بن عبد الرحمن بن ابي صعصعة الانصاري⟩,1,1,1,0.000000,0.0001461,0.0000660,8,1
2480,اللفظ ليزيد,1,1,1,0.000000,0.0000872,0.0000884,6,0
2481,ابي امامة هو ابن سهل بن حنيف,1,1,1,0.000000,0.0000893,0.0000647,8,0
2482,زيد بن خالد انهما اخبراه,2,1,1,0.000000,0.0001007,0.0000900,1,0
2483,موسي بن طلحة,2,1,2,0.000000,0.0001894,0.0001028,5,0
2484,جده ⟨عمرو بن يحيي بن سعيد الاموي⟩,1,1,1,0.000000,0.0001551,0.0001623,20,1
2485,عبد العزيز بن عبد الصمد العمي,1,1,1,0.000000,0.0000815,0.0001035,0,0
2486,الحجاج بن ابي عثمان,1,1,1,0.000000,0.0001442,0.0001623,18,0
2487,ابا سلمة بن عبد الرحمن وابن المسيب يقولان,1,1,1,0.000000,0.0000869,0.0000745,1,0
2488,الفضل بن العلاء,1,1,1,0.000000,0.0000815,0.0000970,2,0
2489,ابراهيم بن سعد الزهري,1,1,1,0.000000,0.0000786,0.0000877,1,0
2490,عبد الله بن المثني بن عبد الله بن انس بن مالك,1,1,1,0.000000,0.0000791,0.0000700,3,0
2491,سيف بن سليمان المكي,1,1,1,0.000000,0.0000829,0.0000788,2,0
2492,سيف بن ابي سليمان,2,1,1,0.000000,0.0000879,0.0000945,2,0
2493,ابراهيم بن سويد,1,1,1,0.000000,0.0000793,0.0001154,13,0
2494,مرة,1,1,1,0.000000,0.0000900,0.0000686,0,0
2495,وحدث ابو عثمان ايضا,1,1,1,0.000000,0.0000991,0.0000698,0,0
2496,ابا ادريس الخولاني,1,1,1,0.000000,0.0001387,0.0000810,6,0
2497,ابيه ⟨زيد⟩,1,1,1,0.000000,0.0001010,0.0000658,8,1
2498,عياض بن عبد الله بن سعد,1,1,1,0.000000,0.0001010,0.0000647,8,0
2499,امي ⟨منصور بن عبد الرحمن⟩,1,1,1,0.000000,0.0001519,0.0000658,3,1
2500,محل بن خليفة الطايي,1,1,1,0.000000,0.0001693,0.0000666,9,0
2501,ابا صالح ذكوان,1,1,1,0.000000,0.0001252,0.0000647,8,0
2502,ابيه ⟨قلت لابي اسامة احدثكم هشام بن عروة⟩,1,1,1,0.000000,0.0001451,0.0000755,4,1
2503,عمرو بن يحيي بن سعيد الاموي,1,1,1,0.000000,0.0000910,0.0002009,20,0
2504,كنت مع مروان وابي هريرة فسمعت ابا هريرة,1,1,1,0.000000,0.0002095,0.0001168,20,0
2505,ابيه ⟨اسحاق بن سعيد السعيدي⟩,1,1,1,0.000000,0.0001514,0.0000976,10,1
2506,ابي ⟨يحيي بن يعلي المحاربي⟩,1,1,1,0.000000,0.0001438,0.0001114,7,1
2507,ابو بشر اسماعيل بن ابراهيم الاسدي,1,1,1,0.000000,0.0000782,0.0002009,18,0
2508,ابو رجاء من ال ابي قلابة,1,1,1,0.000000,0.0002002,0.0001168,18,0
2509,عبد الله بن سعيد هو ابن ابي هند,1,1,1,0.000000,0.0000804,0.0001192,2,0
2510,ابو بكر بن عبد الرحمن بن الحارث,1,1,1,0.000000,0.0000869,0.0000693,1,0
2511,ابي عبيد مولي عبد الرحمن بن عوف,2,1,1,0.000000,0.0000960,0.0000755,1,0
2512,سعيد بن المسيب وابي سلمة,1,1,1,0.000000,0.0000869,0.0000693,1,0
2513,ابن المسيب وابي سلمة بن عبد الرحمن,2,1,1,0.000000,0.0000960,0.0000755,1,0
2514,ابن المسيب وعبد الرحمن بن عبد الله بن كعب,1,1,1,0.000000,0.0000869,0.0000693,1,0
2515,الاعرج انهما حدثاه,1,1,1,0.000000,0.0000869,0.0000693,1,0
2516,حميد بن الاسود,2,1,1,0.000000,0.0000851,0.0001108,0,0
2517,ساله عبيد الله بن الربيع احدثك داود,1,1,1,0.000000,0.0000800,0.0000799,2,0
2518,اسحاق بن سعيد بن عمرو,1,1,1,0.000000,0.0000943,0.0001332,10,0
2519,ابي وعمي,1,1,1,0.000000,0.0000998,0.0001571,1,0
2520,احمد بن عبد الله,1,1,1,0.000000,0.0000872,0.0000916,4,0
2521,يزيد هو ابن صهيب الفقير,1,1,1,0.000000,0.0000967,0.0000648,10,0
2522,النزال بن سبرة الهلالي,1,1,1,0.000000,0.0000920,0.0000673,4,0
2523,حفص بن غياث,1,1,1,0.000000,0.0000793,0.0000708,12,0
2524,نصير بن ابي الاشعث,1,1,1,0.000000,0.0000998,0.0001198,3,0
2525,ابي ⟨مالك بن انس سال زيد بن اسلم⟩,1,1,1,0.000000,0.0001514,0.0000658,8,1
2526,قلت لابي اسامة احدثكم هشام بن عروة,1,1,1,0.000000,0.0000793,0.0001273,4,0
2527,حريز,1,1,1,0.000000,0.0000888,0.0001623,13,0
2528,عبد الواحد بن عبد الله النصري,1,1,1,0.000000,0.0001532,0.0001168,13,0
2529,عبيد,1,1,1,0.000000,0.0000888,0.0000647,8,0
2530,ابن المهدي,1,1,1,0.000000,0.0000819,0.0001652,0,0
2531,سهلا فقلت نعم,1,1,2,0.000000,0.0002099,0.0001168,19,0
2532,ابيه ⟨ابراهيم هو التيمي⟩,1,1,1,0.000000,0.0001542,0.0000661,4,1
2533,عبدالله بن عتبة,1,1,1,0.000000,0.0001083,0.0000658,8,0
2534,ابو عامر عبد الملك,1,1,1,0.000000,0.0000825,0.0001234,2,0
2535,المفضل,1,1,1,0.000000,0.0000782,0.0000818,1,0
2536,الزبير بن المنذر بن ابي اسيد,1,1,1,0.000000,0.0000959,0.0000721,4,0
2537,المنذر بن ابي اسيد,1,1,1,0.000000,0.0000959,0.0000721,4,0
2538,عباد هو ابن عباد,1,1,1,0.000000,0.0000782,0.0000709,2,0
2539,خالد هو ابن الحارث,1,1,1,0.000000,0.0000824,0.0000731,6,0
2540,يعقوب بن عبد الرحمن بن محمد بن عبد الله بن عبد القاري,1,1,1,0.000000,0.0000782,0.0000689,13,0
2541,يعقوب بن عبد الرحمن بن محمد بن عبد الله بن عبد القاري القرشي الاسكندراني,1,1,1,0.000000,0.0000782,0.0001168,1,0
2542,عبد الواحد بن ايمن المكي,1,1,1,0.000000,0.0000809,0.0001168,4,0
2543,ايضا فاطمة,1,1,1,0.000000,0.0000882,0.0000802,3,0
2544,النعمان بن ابي عياش,1,1,1,0.000000,0.0001438,0.0000765,1,0
2545,ابي ⟨عبادة بن الوليد⟩,1,1,1,0.000000,0.0001495,0.0000663,6,1
2546,مغيرة بن عبد الرحمن القرشي,2,1,1,0.000000,0.0000786,0.0000727,1,0
2547,سليمان اراه,1,1,1,0.000000,0.0000852,0.0000854,8,0
2548,ابيه ⟨عبد الرحمن بن عبد الله بن كعب⟩,1,1,1,0.000000,0.0000972,0.0000765,1,1
2549,عمه ⟨عبد الرحمن بن عبد الله بن كعب⟩,1,1,1,0.000000,0.0000972,0.0000765,1,1
2550,الحميدي عبدالله بن الزبير,1,1,0,0.000000,0.0000778,0.0000855,4,0
2551,عمر بن الخطاب علي,1,0,1,0.000000,0.0001187,0.0000631,6,0
2552,يحيي بن بكير,180,7,0,0.000000,0.0000778,0.0035052,1,0
2553,فترة الوحي,1,0,1,0.000000,0.0003947,0.0000631,2,0
2554,عبدان,119,7,0,0.000000,0.0000778,0.0020608,4,0
2555,ابو اليمان الحكم بن نافع,5,2,0,0.000000,0.0000778,0.0001587,1,0
2556,عمران بن ميسرة,13,4,0,0.000000,0.0000778,0.0003567,0,0
2557,محمود بن غيلان,5,2,0,0.000000,0.0000778,0.0001611,3,0
2558,سماك بن عطية,1,1,1,0.000000,0.0000844,0.0000818,0,0
2559,قتيبة بن سعيد,173,37,0,0.000000,0.0000778,0.0041272,1,0
2560,معاذ بن فضالة,27,5,0,0.000000,0.0000778,0.0006173,3,0
2561,معاوية يوما,1,0,1,0.000000,0.0001024,0.0000631,1,0
2562,اسحاق بن راهويه,1,1,0,0.000000,0.0000778,0.0000907,3,0
2563,علي بن عياش,6,4,0,0.000000,0.0000778,0.0002987,13,0
2564,ابيه ⟨سالم بن عبد الله⟩,15,0,1,0.000000,0.0002866,0.0000631,11,1
2565,اخبرتني حفصة,1,0,1,0.000000,0.0004159,0.0000631,11,0
2566,احمد بن يونس,67,13,0,0.000000,0.0000778,0.0015856,5,0
2567,عبد الله بن مسعود,20,0,10,0.000000,0.0005696,0.0000631,4,0
2568,يوسف بن عيسي المروزي,1,1,0,0.000000,0.0000778,0.0001204,3,0
2569,اسحاق الواسطي,10,2,0,0.000000,0.0000778,0.0002621,0,0
2570,عبد الله بن مغفل,9,0,4,0.000000,0.0002822,0.0000631,5,0
2571,معلي بن اسد,32,7,0,0.000000,0.0000778,0.0006450,9,0
2572,مسلم بن ابراهيم,50,10,0,0.000000,0.0000778,0.0011333,3,0
2573,ابيه ⟨عبد الله بن ابي قتادة⟩,18,0,1,0.000000,0.0004658,0.0000631,6,1
2574,عبد العزيز بن عبد الله,82,11,0,0.000000,0.0000778,0.0018301,1,0
2575,ابو معمر عبد الله بن عمرو,2,1,0,0.000000,0.0000778,0.0001019,0,0
2576,عياش بن الوليد,16,4,0,0.000000,0.0000778,0.0004382,0,0
2577,محمد بن العلاء,47,5,0,0.000000,0.0000778,0.0008600,12,0
2578,محمد بن عبد الله بن حوشب,8,4,0,0.000000,0.0000778,0.0002982,0,0
2579,عبد الله بن مالك ابن بحينة,4,0,3,0.000000,0.0001839,0.0000631,1,0
2580,عمر بن حفص بن غياث,31,1,0,0.000000,0.0000778,0.0006078,4,0
2581,ابراهيم بن موسي,75,11,0,0.000000,0.0000778,0.0016667,3,0
2582,عتبان بن مالك,6,0,2,0.000000,0.0002118,0.0000631,1,0
2583,عبد الله بن عبد الوهاب,29,13,0,0.000000,0.0000778,0.0007668,0,0
2584,عبيد بن اسماعيل,48,2,0,0.000000,0.0000778,0.0007280,12,0
2585,وهب بن عثمان,1,1,0,0.000000,0.0000778,0.0000780,11,0
2586,اسحاق بن نصر,32,6,0,0.000000,0.0000778,0.0008456,3,0
2587,انس بن مالك الانصاري,3,0,2,0.000000,0.0001348,0.0000631,1,0
2588,خدمه,1,0,1,0.000000,0.0000907,0.0000631,1,0
2589,صحبه,1,0,1,0.000000,0.0000907,0.0000631,1,0
2590,كان تبع النبي,1,0,1,0.000000,0.0000907,0.0000631,1,0
2591,ابيه ⟨حمزة بن عبد الله⟩,2,0,1,0.000000,0.0001279,0.0000631,1,1
2592,يحيي بن سليمان,41,1,0,0.000000,0.0000778,0.0009758,1,0
2593,زكرياء بن يحيي,10,4,0,0.000000,0.0000778,0.0004159,12,0
2594,عتبان بن مالك الانصاري,1,0,1,0.000000,0.0001015,0.0000631,1,0
2595,معاذ بن اسد,8,2,0,0.000000,0.0000778,0.0002435,4,0
2596,هو غير كذوب,2,0,2,0.000000,0.0001106,0.0000631,5,0
2597,حجاج بن منهال,40,11,0,0.000000,0.0000778,0.0010175,5,0
2598,الفضل بن سهل,3,3,0,0.000000,0.0000778,0.0002157,10,0
2599,عبيد الله بن عدي بن خيار,2,0,2,0.000000,0.0001025,0.0000631,1,0
2600,محمد بن ابان,2,1,0,0.000000,0.0000778,0.0001067,5,0
2601,معاذ بن جبل,5,0,4,0.000000,0.0019656,0.0000631,2,0
2602,ابو مسعود,2,0,2,0.000000,0.0001275,0.0000631,8,0
2603,ادم بن ابي اياس,35,4,0,0.000000,0.0000778,0.0008735,5,0
2604,سليمان بن حرب وابو النعمان,3,2,0,0.000000,0.0000778,0.0001195,0,0
2605,محاضر,1,1,1,0.000000,0.0004984,0.0000821,3,0
2606,ابو الوليد,107,12,0,0.000000,0.0000778,0.0029704,5,0
2607,ابو الوليد هشام بن عبد الملك,10,6,0,0.000000,0.0000778,0.0003194,5,0
2608,عمرو بن خالد,23,3,0,0.000000,0.0000778,0.0005395,5,0
2609,عبد الاعلي بن حماد,13,2,0,0.000000,0.0000778,0.0003047,0,0
2610,موسي بن عقبة مختصرا,1,0,2,0.000000,0.0007056,0.0000631,11,0
2611,اسماء بنت ابي بكر,20,0,13,0.000000,0.0007304,0.0000631,3,0
2612,كان غير كذوب,1,0,1,0.000000,0.0001175,0.0000631,5,0
2613,عبادة بن الصامت,17,0,11,0.000000,0.0014111,0.0000631,1,0
2614,المكي بن ابراهيم,25,9,0,0.000000,0.0000778,0.0006644,2,0
2615,لي زيد بن ثابت,1,0,1,0.000000,0.0001951,0.0000631,3,0
2616,خلاد بن يحيي,21,9,0,0.000000,0.0000778,0.0008647,4,0
2617,سيار بن سلامة,2,0,2,0.000000,0.0001010,0.0000631,0,0
2618,ابي معمر قلت لخباب,1,0,1,0.000000,0.0001016,0.0000631,4,0
2619,صلي مع علي بالبصرة,1,0,1,0.000000,0.0004278,0.0000631,0,0
2620,صليت,1,0,1,0.000000,0.0001276,0.0000631,5,0
2621,بدل بن المحبر,5,1,0,0.000000,0.0000778,0.0001882,5,0
2622,ابو بكر بن عبد الرحمن بن الحارث بن هشام وابو سلمة بن عبد الرحمن,1,0,1,0.000000,0.0000907,0.0000631,1,0
2623,الناس,1,0,1,0.000000,0.0001848,0.0000631,1,0
2624,الصلت بن محمد,14,8,0,0.000000,0.0000778,0.0010210,0,0
2625,مالك بن الحويرث الليثي,1,0,1,0.000000,0.0000937,0.0000631,0,0
2626,محمد بن الصباح,4,2,0,0.000000,0.0000778,0.0001563,0,0
2627,عبد الله بن عبد الله,1,0,1,0.000000,0.0000903,0.0000631,3,0
2628,عبد الله ابن بحينة,5,0,3,0.000000,0.0001828,0.0000631,7,0
2629,كان من اصحاب النبي,3,0,3,0.000000,0.0001427,0.0000631,7,0
2630,هو حليف لبني عبد مناف,1,0,1,0.000000,0.0001107,0.0000631,7,0
2631,هو من ازد شنوءة,1,0,1,0.000000,0.0001107,0.0000631,7,0
2632,ابي بكر الصديق,2,0,1,0.000000,0.0007576,0.0000631,2,0
2633,حبان بن موسي,12,1,0,0.000000,0.0000778,0.0002130,4,0
2634,عتبان,1,0,1,0.000000,0.0001015,0.0000631,1,0
2635,عتبان بن مالك الانصاري ثم احد بني سالم,2,0,0,0.000000,0.0000778,0.0000631,25,0
2636,سمرة بن جندب,9,0,2,0.000000,0.0002901,0.0000631,0,0
2637,لنا ادم,1,1,0,0.000000,0.0000778,0.0000881,5,0
2638,عقبة,4,0,2,0.000000,0.0001413,0.0000631,1,0
2639,سعيد بن عفير,43,5,0,0.000000,0.0000778,0.0008955,1,0
2640,ابن المثني,2,2,0,0.000000,0.0000778,0.0001146,0,0
2641,جدته ⟨انس بن مالك⟩,1,0,1,0.000000,0.0002660,0.0000631,0,1
2642,عمرو بن علي,48,21,0,0.000000,0.0000778,0.0020877,6,0
2643,ام سلمة زوج النبي اخبرتها,2,0,2,0.000000,0.0001189,0.0000631,3,0
2644,ابيه ⟨عبد الله بن ابي قتادة الانصاري⟩,1,0,1,0.000000,0.0001676,0.0000631,6,1
2645,محمد بن مسكين,1,1,0,0.000000,0.0000778,0.0000974,6,0
2646,عبدالله بن يوسف,8,3,0,0.000000,0.0000778,0.0002524,8,0
2647,يحيي بن قزعة,27,3,0,0.000000,0.0000778,0.0006489,8,0
2648,يحيي بن موسي,13,7,0,0.000000,0.0000778,0.0004823,6,0
2649,عبد الله بن محمد بن اسماء,10,2,0,0.000000,0.0000778,0.0002145,11,0
2650,اشهد علي,1,0,1,0.000000,0.0002523,0.0000631,5,0
2651,سلمان الفارسي,3,0,2,0.000000,0.0002547,0.0000631,7,0
2652,رواه ابان بن صالح,1,1,0,0.000000,0.0000778,0.0000737,2,0
2653,يوسف بن موسي,17,7,0,0.000000,0.0000778,0.0007281,12,0
2654,عبد الله بن الحارث ابن عم محمد بن سيرين,1,0,1,0.000000,0.0001051,0.0000631,0,0
2655,ابيه ⟨عبد الله بن ابي قتادة لا اعلمه الا⟩,1,0,1,0.000000,0.0001676,0.0000631,6,1
2656,ابن مقاتل,12,1,0,0.000000,0.0000778,0.0002130,4,0
2657,معاوية بن ابي سفيان,1,0,1,0.000000,0.0001226,0.0000631,5,0
2658,ابو حازم بن دينار,1,0,1,0.000000,0.0001442,0.0000631,1,0
2659,عبيد الله بن عمر القواريري,1,1,0,0.000000,0.0000778,0.0000889,0,0
2660,عمرو بن تغلب,5,0,1,0.000000,0.0003666,0.0000631,0,0
2661,ابي حميد الساعدي,8,0,5,0.000000,0.0002362,0.0000631,3,0
2662,قام,1,0,1,0.000000,0.0001227,0.0000631,2,0
2663,سهل,27,0,5,0.000000,0.0004929,0.0000631,13,0
2664,محمد بن عقبة الشيباني,1,1,0,0.000000,0.0000778,0.0001005,12,0
2665,سعيد بن يحيي بن سعيد القرشي,2,1,0,0.000000,0.0000778,0.0001878,12,0
2666,زكرياء بن يحيي ابو السكين,1,1,0,0.000000,0.0000778,0.0001608,0,0
2667,احمد بن يعقوب,4,4,0,0.000000,0.0000778,0.0005624,10,0
2668,محمد بن عرعرة,20,2,0,0.000000,0.0000778,0.0005629,5,0
2669,محمد بن ابي بكر الثقفي,2,0,2,0.000000,0.0000879,0.0000631,8,0
2670,ام عطية,23,0,4,0.000000,0.0011686,0.0000631,0,0
2671,عمرو بن عباس,16,5,0,0.000000,0.0000778,0.0005249,4,0
2672,اسحاق بن ابراهيم بن نصر,2,2,0,0.000000,0.0000778,0.0000979,12,0
2673,كثير بن فرقد,2,1,1,0.000000,0.0000864,0.0000873,1,0
2674,حامد بن عمر,6,4,0,0.000000,0.0000778,0.0001949,0,0
2675,جندب,3,0,3,0.000000,0.0001383,0.0000631,5,0
2676,عمه ⟨عباد بن تميم⟩,12,0,1,0.000000,0.0002426,0.0000631,9,1
2677,عمر بن حمزة,1,1,0,0.000000,0.0000778,0.0000701,11,0
2678,عبد الله بن زيد,8,0,3,0.000000,0.0002596,0.0000631,9,0
2679,عمه ⟨اباه⟩,1,0,1,0.000000,0.0002613,0.0000631,1,1
2680,انس بن مالك يذكر,1,0,1,0.000000,0.0001021,0.0000631,0,0
2681,الحسن بن بشر,2,2,0,0.000000,0.0000778,0.0002270,2,0
2682,لنا ابو نعيم,3,3,0,0.000000,0.0000778,0.0002071,3,0
2683,عبد الله بن زيد الانصاري,1,0,1,0.000000,0.0000915,0.0000631,9,0
2684,ايوب بن سليمان,4,2,0,0.000000,0.0000778,0.0001594,6,0
2685,شريك سمعا انسا,2,0,1,0.000000,0.0000895,0.0000631,13,0
2686,محمد هو ابن مقاتل ابو الحسن المروزي,1,1,0,0.000000,0.0000778,0.0000756,4,0
2687,ابا مسعود,1,0,1,0.000000,0.0000859,0.0000631,8,0
2688,شهاب بن عباد,5,1,0,0.000000,0.0000778,0.0003082,8,0
2689,ربيع بن يحيي,2,1,0,0.000000,0.0000778,0.0001047,3,0
2690,عبدالله بن محمد,5,3,0,0.000000,0.0000778,0.0001633,4,0
2691,محمد بن مهران,2,1,0,0.000000,0.0000778,0.0001554,6,0
2692,سليمان بن داود ابو الربيع,6,3,0,0.000000,0.0000778,0.0002038,10,0
2693,بشر بن ادم,2,1,0,0.000000,0.0000778,0.0000999,3,0
2694,كان ربيعة من خيار الناس عما حضر ربيعة,1,0,1,0.000000,0.0001665,0.0000631,7,0
2695,صدقة,18,8,0,0.000000,0.0000778,0.0004452,4,0
2696,حارثة بن وهب,5,0,3,0.000000,0.0001813,0.0000631,5,0
2697,اسحاق بن ابراهيم الحنظلي,9,8,0,0.000000,0.0000778,0.0003574,3,0
2698,ابيه ⟨عبد الله بن عامر⟩,1,0,1,0.000000,0.0001240,0.0000631,1,1
2699,عامر بن ربيعة,3,0,3,0.000000,0.0010959,0.0000631,11,0
2700,احمد بن سعيد,4,4,0,0.000000,0.0000778,0.0002119,10,0
2701,سافر ابن عمر,1,0,1,0.000000,0.0000961,0.0000631,7,0
2702,حسان الواسطي,1,1,0,0.000000,0.0000778,0.0001060,1,0
2703,كان مبسورا,1,0,1,0.000000,0.0001134,0.0000631,0,0
2704,عمران,6,0,5,0.000000,0.0007142,0.0000631,0,0
2705,جندب بن عبد الله,4,0,3,0.000000,0.0001958,0.0000631,5,0
2706,علي بن ابي طالب,10,0,8,0.000000,0.0007019,0.0000631,1,0
2707,عبد الله بن عمرو بن العاص,13,0,11,0.000000,0.0005851,0.0000631,1,0
2708,مومل بن هشام,2,1,0,0.000000,0.0000778,0.0001533,8,0
2709,عبدالله بن مسلمة,2,1,0,0.000000,0.0000778,0.0001126,8,0
2710,عباس بن الحسين,2,2,0,0.000000,0.0000778,0.0001829,6,0
2711,عبدالله بن يزيد,1,1,0,0.000000,0.0000778,0.0000994,14,0
2712,بشر بن الحكم,2,2,0,0.000000,0.0000778,0.0001128,4,0
2713,ابا قتادة بن ربعي الانصاري,1,0,1,0.000000,0.0001214,0.0000631,8,0
2714,بيان بن عمرو,3,3,0,0.000000,0.0000778,0.0001196,6,0
2715,كان النبي,1,0,1,0.000000,0.0004984,0.0000631,3,0
2716,ابا الشعثاء جابرا,1,1,1,0.000000,0.0000856,0.0000659,2,0
2717,قلت لابن عمر,1,0,1,0.000000,0.0002053,0.0000631,5,0
2718,علي بن الجعد,13,1,0,0.000000,0.0000778,0.0003882,5,0
2719,عبد الله المزني,3,0,2,0.000000,0.0001801,0.0000631,0,0
2720,مرثد بن عبد الله اليزني,1,0,1,0.000000,0.0000863,0.0000631,1,0
2721,محمد بن سلام,27,14,0,0.000000,0.0000778,0.0008718,0,0
2722,محمد بن عبيد الله,7,6,0,0.000000,0.0000778,0.0002461,1,0
2723,عبد الله بن محمد المسندي,1,1,0,0.000000,0.0000778,0.0001381,5,0
2724,عبد الرحمن بن المبارك,7,5,0,0.000000,0.0000778,0.0002105,0,0
2725,سليمان ابو الربيع,1,1,0,0.000000,0.0000778,0.0000887,1,0
2726,قبيصة بن عقبة,8,1,0,0.000000,0.0000778,0.0002421,4,0
2727,حرمي بن حفص,1,1,0,0.000000,0.0000778,0.0000895,9,0
2728,ابن سلام,14,10,0,0.000000,0.0000778,0.0004661,0,0
2729,عبد السلام بن مطهر,2,1,0,0.000000,0.0000778,0.0001490,0,0
2730,الحسن بن الصباح,3,3,0,0.000000,0.0000778,0.0001975,3,0
2731,عمر بن الخطاب,20,0,13,0.000000,0.0022720,0.0000631,8,0
2732,طلحة بن عبيد الله,4,0,3,0.000000,0.0004253,0.0000631,8,0
2733,احمد بن عبد الله بن علي المنجوفي,1,1,0,0.000000,0.0000778,0.0000894,10,0
2734,المرجية,1,1,1,0.000000,0.0001055,0.0000756,4,0
2735,ابراهيم بن حمزة,17,5,0,0.000000,0.0000778,0.0005652,13,0
2736,الحكم بن نافع,10,1,0,0.000000,0.0000778,0.0002031,1,0
2737,سعد بن ابي وقاص,10,0,6,0.000000,0.0008030,0.0000631,1,0
2738,جرير بن عبد الله,11,0,5,0.000000,0.0003521,0.0000631,8,0
2739,يعقوب بن ابراهيم هو الدورقي,2,1,0,0.000000,0.0000778,0.0000961,10,0
2740,عبد الله بن زيد المازني,1,0,1,0.000000,0.0000915,0.0000631,9,0
2741,لي زيد بن ارقم,1,0,1,0.000000,0.0001416,0.0000631,16,0
2742,عمرو بن عيسي,2,2,0,0.000000,0.0000778,0.0001850,2,0
2743,معيقيب,1,0,1,0.000000,0.0000962,0.0000631,7,0
2744,الازرق بن قيس,2,0,2,0.000000,0.0000917,0.0000631,0,0
2745,عبد الله بن ابي شيبة,18,12,0,0.000000,0.0000778,0.0005312,12,0
2746,عبد الله ابن بحينة الاسدي حليف بني عبد المطلب,1,0,1,0.000000,0.0000852,0.0000631,7,0
2747,المسور بن مخرمة وعبد الرحمن بن ازهر,1,0,1,0.000000,0.0000959,0.0000631,2,0
2748,ابي سعيد وابي هريرة,1,0,1,0.000000,0.0000947,0.0000631,4,0
2749,اسماعيل بن عبدالله,3,3,0,0.000000,0.0000778,0.0001707,5,0
2750,ام عطية الانصارية,2,0,2,0.000000,0.0001253,0.0000631,0,0
2751,عبد الرحمن بن حماد,1,1,0,0.000000,0.0000778,0.0000833,0,0
2752,مالك بن اسماعيل,30,8,0,0.000000,0.0000778,0.0007837,5,0
2753,اتي عبد الرحمن بن عوف,1,0,1,0.000000,0.0002103,0.0000631,5,0
2754,احمد بن محمد المكي,5,4,0,0.000000,0.0000778,0.0003925,1,0
2755,عبد الرحمن بن عوف,3,0,2,0.000000,0.0005022,0.0000631,1,0
2756,خباب,12,0,4,0.000000,0.0003233,0.0000631,3,0
2757,الحميدي,72,8,0,0.000000,0.0000778,0.0019514,4,0
2758,ابيه ⟨ابي بردة⟩,3,0,1,0.000000,0.0001334,0.0000631,12,1
2759,ابيه ⟨ابن عمر⟩,1,0,1,0.000000,0.0003339,0.0000631,11,1
2760,الحكم بن موسي,1,1,0,0.000000,0.0000778,0.0001296,6,0
2761,الحسن بن عبد العزيز,3,2,0,0.000000,0.0000778,0.0002822,14,0
2762,عبدالله بن عبد الوهاب,1,1,0,0.000000,0.0000778,0.0000810,0,0
2763,ابي سلمة انهما حدثاه,1,1,1,0.000000,0.0000935,0.0000657,7,0
2764,سمرة,4,0,2,0.000000,0.0001694,0.0000631,0,0
2765,محمد بن الفضل,1,1,0,0.000000,0.0000778,0.0000810,0,0
2766,عقبة بن عامر,14,0,2,0.000000,0.0003172,0.0000631,1,0
2767,ثابت بن الضحاك,6,0,1,0.000000,0.0001734,0.0000631,0,0
2768,يكذب جندب,1,0,1,0.000000,0.0001927,0.0000631,0,0
2769,ابنة خالد بن سعيد بن العاص,1,0,1,0.000000,0.0000950,0.0000631,11,0
2770,فروة,6,2,0,0.000000,0.0000778,0.0002127,3,0
2771,ابو عاصم الضحاك بن مخلد,6,6,0,0.000000,0.0000778,0.0001952,2,0
2772,خالد بن اسلم,2,0,1,0.000000,0.0000960,0.0000631,1,0
2773,اسحاق بن يزيد,3,2,0,0.000000,0.0000778,0.0002502,6,0
2774,عبد الله بن منير,14,10,0,0.000000,0.0000778,0.0006236,10,0
2775,عبيد الله بن سعيد,11,6,0,0.000000,0.0000778,0.0004135,12,0
2776,ابي مسعود الانصاري,10,0,7,0.000000,0.0004533,0.0000631,4,0
2777,سعيد بن يحيي,2,1,0,0.000000,0.0000778,0.0001572,4,0
2778,معن بن يزيد,1,0,1,0.000000,0.0001562,0.0000631,2,0
2779,حارثة بن وهب الخزاعي,4,0,3,0.000000,0.0002557,0.0000631,5,0
2780,حكيم بن حزام,13,0,5,0.000000,0.0005889,0.0000631,1,0
2781,ابيه ⟨ابو بردة بن ابي موسي⟩,1,0,1,0.000000,0.0003227,0.0000631,12,1
2782,يحيي بن يحيي,3,3,0,0.000000,0.0000778,0.0001397,4,0
2783,محمد بن عبدالله,3,1,0,0.000000,0.0000778,0.0001481,0,0
2784,مومل,2,1,0,0.000000,0.0000778,0.0001533,8,0
2785,محمد بن عبدالله الانصاري,1,1,0,0.000000,0.0000778,0.0001272,0,0
2786,محمد بن عبد الله,10,11,0,0.000000,0.0000778,0.0019483,13,0
2787,محمد بن عبدالله بن المثني الانصاري,1,1,0,0.000000,0.0000778,0.0001332,0,0
2788,عبد الرحمن بن خالد,11,1,1,0.000000,0.0001253,0.0002940,1,0
2789,امية بن بسطام,3,1,0,0.000000,0.0000778,0.0001254,0,0
2790,زينب امراة عبد الله بمثله سواء,1,0,1,0.000000,0.0001160,0.0000631,1,0
2791,ام سلمة },1,0,1,0.000000,0.0001519,0.0000631,3,0
2792,الزبير بن العوام,3,0,2,0.000000,0.0001078,0.0000631,3,0
2793,كاتب المغيرة بن شعبة,1,0,1,0.000000,0.0001093,0.0000631,9,0
2794,ابيه ⟨عامر بن سعد⟩,7,0,1,0.000000,0.0003146,0.0000631,1,1
2795,محمد بن غرير الزهري,3,1,0,0.000000,0.0000778,0.0001930,10,0
2796,اسماعيل بن عبد الله,36,9,0,0.000000,0.0000778,0.0010399,8,0
2797,سهل بن بكار,4,1,0,0.000000,0.0000778,0.0001180,9,0
2798,عمر بن محمد بن الحسن الاسدي,1,1,0,0.000000,0.0000778,0.0001635,4,0
2799,علي بن عبدالله,4,2,0,0.000000,0.0000778,0.0001510,4,0
2800,عبد الله بن ابي اوفي,18,0,11,0.000000,0.0007936,0.0000631,8,0
2801,يحيي بن محمد بن السكن,2,2,0,0.000000,0.0000778,0.0002794,2,0
2802,احمد بن عيسي,3,1,0,0.000000,0.0000778,0.0001299,1,0
2803,اهلال,1,0,1,0.000000,0.0007843,0.0000631,2,0
2804,حج انس علي رحل,1,0,1,0.000000,0.0001344,0.0000631,0,0
2805,يا رسول الله اعتمرتم,1,0,1,0.000000,0.0004984,0.0000631,3,0
2806,يحيي بن بشر,2,2,0,0.000000,0.0000778,0.0001139,10,0
2807,علي بن مسلم,5,5,0,0.000000,0.0000778,0.0002706,10,0
2808,لعمر,1,0,1,0.000000,0.0001021,0.0000631,2,0
2809,الحسن بن علي الخلال الهذلي,1,1,0,0.000000,0.0000778,0.0000925,10,0
2810,حفصة زوج النبي,3,0,2,0.000000,0.0009281,0.0000631,11,0
2811,ابو جمرة نصر بن عمران الضبعي,1,0,1,0.000000,0.0000851,0.0000631,5,0
2812,ابو كامل فضيل بن حسين البصري,1,1,0,0.000000,0.0000778,0.0001498,12,0
2813,مسدد بن مسرهد البصري,1,1,0,0.000000,0.0000778,0.0000837,6,0
2814,محمود بن غيلان المروزي,1,1,0,0.000000,0.0000778,0.0000769,12,0
2815,زياد بن سعد,1,1,1,0.000000,0.0000866,0.0000810,4,0
2816,احمد بن محمد,19,2,0,0.000000,0.0000778,0.0003497,4,0
2817,اصبغ بن الفرج,5,2,0,0.000000,0.0000778,0.0001825,1,0
2818,احمد بن سنان,1,1,0,0.000000,0.0000778,0.0000931,6,0
2819,الزبير بن عربي,1,0,1,0.000000,0.0000831,0.0000631,0,0
2820,فاخبرتني عايشة,1,0,1,0.000000,0.0001505,0.0000631,4,0
2821,لي عمرو بن علي,1,1,0,0.000000,0.0000778,0.0001580,2,0
2822,ام سلمة زوج النبي,4,0,4,0.000000,0.0003324,0.0000631,3,0
2823,الحسن بن عمر البصري,1,1,0,0.000000,0.0000778,0.0000839,0,0
2824,الحسن بن محمد هو الزعفراني,1,1,0,0.000000,0.0000778,0.0001112,9,0
2825,عبد الله بن ابي الاسود,16,12,0,0.000000,0.0000778,0.0007289,0,0
2826,انس بن مالك كان ابو ذر,1,0,1,0.000000,0.0000907,0.0000631,1,0
2827,محمد هو ابن سلام,3,3,0,0.000000,0.0000778,0.0001945,0,0
2828,محمد بن عبد الرحمن بن نوفل القرشي,1,0,1,0.000000,0.0001160,0.0000631,1,0
2829,محمد بن عبيد بن ميمون,7,2,0,0.000000,0.0000778,0.0002245,3,0
2830,قلت لانس بن مالك,1,0,1,0.000000,0.0000971,0.0000631,0,0
2831,ابيه ⟨عبيد الله بن عبد الله بن عمر⟩,1,0,1,0.000000,0.0001516,0.0000631,1,1
2832,ام الفضل,4,0,2,0.000000,0.0003108,0.0000631,11,0
2833,ام الفضل بنت الحارث,4,0,3,0.000000,0.0003770,0.0000631,8,0
2834,ابيه ⟨محمد بن جبير⟩,4,0,1,0.000000,0.0002070,0.0000631,1,1
2835,فروة بن ابي المغراء,10,2,0,0.000000,0.0000778,0.0002767,3,0
2836,ابو ايوب الانصاري,1,0,1,0.000000,0.0001026,0.0000631,5,0
2837,زهير بن حرب,11,5,0,0.000000,0.0000778,0.0003697,10,0
2838,زياد بن ابي سفيان,1,1,1,0.000000,0.0000955,0.0000679,3,0
2839,ام المومنين,1,0,1,0.000000,0.0001049,0.0000631,3,0
2840,اسحاق بن ابراهيم,43,26,0,0.000000,0.0000778,0.0015447,4,0
2841,نافع كان ابن عمر,1,0,1,0.000000,0.0000962,0.0000631,1,0
2842,سعيد بن يحيي بن سعيد,2,1,0,0.000000,0.0000778,0.0001616,2,0
2843,رجل افضل في نفسي من عبد الرحمن حميد بن عبد الرحمن,1,1,1,0.000000,0.0001041,0.0000680,0,0
2844,محمد بن عبد الله بن نمير,5,4,0,0.000000,0.0000778,0.0002933,8,0
2845,كان افضل اهل زمانه,1,0,1,0.000000,0.0000903,0.0000631,3,0
2846,صفية بنت,1,0,1,0.000000,0.0004984,0.0000631,3,0
2847,بشيء عقلته,1,0,1,0.000000,0.0002660,0.0000631,0,0
2848,عبد المتعال بن طالب,1,1,0,0.000000,0.0000778,0.0000854,1,0
2849,محمد بن عيسي,2,2,0,0.000000,0.0000778,0.0001067,10,0
2850,عثمان بن الهيثم,9,2,0,0.000000,0.0000778,0.0003792,0,0
2851,ابي هريرة رضي الله,8,0,5,0.000000,0.0002015,0.0000631,7,0
2852,عكرمة بن خالد سال ابن عمر رضي الله,1,0,1,0.000000,0.0000898,0.0000631,2,0
2853,عايشة رضي الله,3,0,3,0.000000,0.0001120,0.0000631,3,0
2854,انسا رضي,1,0,1,0.000000,0.0000918,0.0000631,0,0
2855,حسان بن حسان,3,2,0,0.000000,0.0000778,0.0001192,0,0
2856,انسا رضي الله,2,0,2,0.000000,0.0001061,0.0000631,0,0
2857,عبد الرحمن بن ابي بكر,8,0,4,0.000000,0.0003745,0.0000631,0,0
2858,جابر بن عبد الله رضي الله,1,0,1,0.000000,0.0000942,0.0000631,2,0
2859,اخبرتني عايشة,2,0,2,0.000000,0.0000978,0.0000631,3,0
2860,عايشة رضي,1,0,1,0.000000,0.0000994,0.0000631,4,0
2861,ابيه ⟨صفوان بن يعلي بن امية⟩,2,0,1,0.000000,0.0002071,0.0000631,2,1
2862,قلت لعايشة,2,0,2,0.000000,0.0001115,0.0000631,3,0
2863,سالنا ابن عمر رضي الله,1,0,1,0.000000,0.0000893,0.0000631,2,0
2864,عبد الله مولي اسماء بنت ابي بكر,1,0,1,0.000000,0.0001524,0.0000631,0,0
2865,عبد الله بن عمر رضي الله,1,0,1,0.000000,0.0000912,0.0000631,11,0
2866,ابن عباس رضي الله,2,0,2,0.000000,0.0001276,0.0000631,2,0
2867,ابن عمر رضي الله,3,0,1,0.000000,0.0001179,0.0000631,11,0
2868,احمد بن الحجاج,1,1,0,0.000000,0.0000778,0.0000767,11,0
2869,جابر رضي الله,1,0,1,0.000000,0.0001020,0.0000631,5,0
2870,الحارث بن عمير,1,0,1,0.000000,0.0002537,0.0000631,0,0
2871,كنت مع عبد الله بن عمر رضي,1,0,1,0.000000,0.0001107,0.0000631,8,0
2872,سالم بن عبد الله اخبراه,1,0,1,0.000000,0.0000912,0.0000631,11,0
2873,المسور,1,0,1,0.000000,0.0000927,0.0000631,3,0
2874,سالما كلما عبد الله بن عمر,1,0,1,0.000000,0.0001407,0.0000631,10,0
2875,كعب بن عجرة,10,0,2,0.000000,0.0004661,0.0000631,2,0
2876,سعيد بن الربيع,7,2,0,0.000000,0.0000778,0.0002212,5,0
2877,ابا قتادة,6,0,4,0.000000,0.0004018,0.0000631,6,0
2878,الصعب بن جثامة الليثي,2,0,1,0.000000,0.0003053,0.0000631,1,0
2879,ابن بحينة,1,0,1,0.000000,0.0000994,0.0000631,7,0
2880,ابو المغيرة عبد القدوس بن الحجاج,1,1,0,0.000000,0.0000778,0.0000951,6,0
2881,قام رجل,1,0,1,0.000000,0.0004159,0.0000631,11,0
2882,ابيه ⟨ابراهيم بن عبد الله بن حنين⟩,1,0,1,0.000000,0.0001548,0.0000631,8,1
2883,ابيه ⟨صفوان بن يعلي⟩,7,0,1,0.000000,0.0002438,0.0000631,2,1
2884,الفضل بن عباس,1,0,1,0.000000,0.0003334,0.0000631,2,0
2885,عبيدالله بن ابي يزيد,1,0,1,0.000000,0.0000844,0.0000631,0,0
2886,عبد الرحمن بن يونس,2,1,0,0.000000,0.0000778,0.0001945,2,0
2887,لي احمد بن محمد,1,1,0,0.000000,0.0000778,0.0000757,4,0
2888,اباسعيد,1,0,1,0.000000,0.0001074,0.0000631,9,0
2889,قد غزا مع النبي ثنتي عشرة غزوة,1,0,1,0.000000,0.0001074,0.0000631,9,0
2890,ابي حميد,3,0,2,0.000000,0.0002657,0.0000631,9,0
2891,سفيان بن ابي زهير,1,0,1,0.000000,0.0003390,0.0000631,3,0
2892,حسين بن حريث,1,1,0,0.000000,0.0000778,0.0001204,3,0
2893,ابو النعمان عارم بن الفضل,1,1,0,0.000000,0.0000778,0.0000808,9,0
2894,ابي واقد الليثي,2,0,1,0.000000,0.0001566,0.0000631,0,0
2895,معاوية خطيبا,1,0,1,0.000000,0.0000888,0.0000631,1,0
2896,احدا,1,0,1,0.000000,0.0001486,0.0000631,2,0
2897,رسول الله الا حديثا,1,0,1,0.000000,0.0001486,0.0000631,2,0
2898,اسماعيل بن ابي اويس,16,7,0,0.000000,0.0000778,0.0005409,8,0
2899,ابو القاسم خالد بن خلي,1,1,0,0.000000,0.0000778,0.0001148,3,0
2900,عبدة بن عبد الله,5,3,0,0.000000,0.0000778,0.0002360,10,0
2901,ابيه ⟨ابو بردة⟩,2,0,1,0.000000,0.0001581,0.0000631,12,1
2902,عطاء اشهد علي ابن عباس,1,0,1,0.000000,0.0003616,0.0000631,2,0
2903,ابي بكرة ذكر,1,0,1,0.000000,0.0000985,0.0000631,0,0
2904,ابيه ⟨عامر بن عبد الله بن الزبير⟩,1,0,1,0.000000,0.0001079,0.0000631,8,1
2905,مكي بن ابراهيم,5,4,0,0.000000,0.0000778,0.0002084,2,0
2906,ابو نعيم الفضل بن دكين,3,3,0,0.000000,0.0000778,0.0001648,4,0
2907,احمد بن ابي بكر ابو مصعب,1,1,0,0.000000,0.0000778,0.0001327,7,0
2908,ذكر لي,1,0,1,0.000000,0.0003521,0.0000631,0,0
2909,ابي صالح الزيات,1,1,1,0.000000,0.0000942,0.0000693,2,0
2910,سلمة بن الاكوع,20,0,4,0.000000,0.0003921,0.0000631,2,0
2911,عايشة وام سلمة اخبرتاه,1,0,1,0.000000,0.0002092,0.0000631,1,0
2912,كنت انا وابي,1,0,1,0.000000,0.0002038,0.0000631,8,0
2913,امها ⟨زينب ابنة ام سلمة⟩,2,0,1,0.000000,0.0001254,0.0000631,3,1
2914,حمران,1,0,1,0.000000,0.0000931,0.0000631,1,0
2915,ثابتا البناني,2,0,2,0.000000,0.0001207,0.0000631,6,0
2916,ابن ابي اوفي,8,0,8,0.000000,0.0002863,0.0000631,5,0
2917,حمزة بن عمرو الاسلمي,1,0,1,0.000000,0.0004984,0.0000631,3,0
2918,ابي الدرداء,2,0,2,0.000000,0.0005450,0.0000631,6,0
2919,محمد بن خالد,3,3,0,0.000000,0.0000778,0.0004552,5,0
2920,ابيه ⟨عاصم بن عمر بن الخطاب⟩,1,0,1,0.000000,0.0001591,0.0000631,3,1
2921,الربيع بنت معوذ,4,0,1,0.000000,0.0001535,0.0000631,6,0
2922,ابو المليح,2,0,1,0.000000,0.0001097,0.0000631,0,0
2923,انس دخل,1,0,1,0.000000,0.0000922,0.0000631,0,0
2924,جويرية بنت الحارث,1,0,1,0.000000,0.0006435,0.0000631,5,0
2925,ميمونة,15,0,3,0.000000,0.0025323,0.0000631,2,0
2926,اربعا من النبي فاعجبنني,1,0,2,0.000000,0.0014147,0.0000631,8,0
2927,لي محمد بن المثني,1,1,0,0.000000,0.0000778,0.0000837,6,0
2928,احمد بن المقدام العجلي,2,1,0,0.000000,0.0000778,0.0001408,3,0
2929,طلق بن غنام,3,1,0,0.000000,0.0000778,0.0001255,3,0
2930,يحيي بن جعفر,8,5,0,0.000000,0.0000778,0.0002419,6,0
2931,محمد بن ابي يعقوب الكرماني,2,2,0,0.000000,0.0000778,0.0001723,1,0
2932,المقدام,1,0,1,0.000000,0.0001186,0.0000631,7,0
2933,هشام بن عمار,4,3,0,0.000000,0.0000778,0.0004240,6,0
2934,عمرو بن محمد,5,2,0,0.000000,0.0000778,0.0002185,10,0
2935,يوسف بن عيسي,5,4,0,0.000000,0.0000778,0.0001967,9,0
2936,ابي قتادة,9,0,6,0.000000,0.0005152,0.0000631,6,0
2937,ابيه ⟨ابا بردة بن ابي موسي⟩,1,0,1,0.000000,0.0001759,0.0000631,9,1
2938,خالد هو ابن عبد الله,3,1,1,0.000000,0.0000832,0.0001216,0,0
2939,ابيه ⟨سالم بن عبد الله بن عمر⟩,3,0,1,0.000000,0.0001551,0.0000631,11,1
2940,ابي هريرة الدوسي,1,0,1,0.000000,0.0001251,0.0000631,4,0
2941,المقدام بن معديكرب,1,0,1,0.000000,0.0001186,0.0000631,7,0
2942,ابن بكير,8,1,0,0.000000,0.0000778,0.0002136,1,0
2943,حسان بن ابي عباد,3,1,0,0.000000,0.0000778,0.0001062,0,0
2944,عبد الله بن صباح,4,3,0,0.000000,0.0000778,0.0002033,0,0
2945,ابو بكرة,1,0,1,0.000000,0.0001041,0.0000631,0,0
2946,عبيد الله بن سعد,1,1,0,0.000000,0.0000778,0.0002056,11,0
2947,سهل بن ابي حثمة,5,0,4,0.000000,0.0003200,0.0000631,6,0
2948,علي بن الهيثم,1,1,0,0.000000,0.0000778,0.0001717,9,0
2949,نافع مولي ابن عمر,1,0,1,0.000000,0.0001541,0.0000631,2,0
2950,اسحاق بن وهب,1,1,0,0.000000,0.0000778,0.0002033,0,0
2951,محمد بن محبوب,8,3,0,0.000000,0.0000778,0.0002484,9,0
2952,سعيد بن ابي الحسن,1,0,1,0.000000,0.0000937,0.0000631,0,0
2953,بشر بن مرحوم,3,2,0,0.000000,0.0000778,0.0002501,2,0
2954,حدث ابن شهاب,1,1,1,0.000000,0.0000956,0.0000754,11,0
2955,زيد بن خالد وابا هريرة اخبراه انهما,1,0,1,0.000000,0.0000897,0.0000631,11,0
2956,عبد الغفار بن داود,2,1,0,0.000000,0.0000778,0.0000879,13,0
2957,ابا البختري الطايي,1,0,1,0.000000,0.0000856,0.0000631,4,0
2958,ابي البختري,2,0,1,0.000000,0.0000933,0.0000631,4,0
2959,محمد بن ابي مجالد,1,0,1,0.000000,0.0001023,0.0000631,2,0
2960,عايشة قلت,1,0,1,0.000000,0.0001330,0.0000631,9,0
2961,ابيه ⟨جدي ابو بردة⟩,2,0,1,0.000000,0.0002221,0.0000631,12,1
2962,يعلي بن امية,1,0,1,0.000000,0.0001015,0.0000631,2,0
2963,جده ⟨عبد الله بن ابي مليكة⟩,1,0,1,0.000000,0.0001154,0.0000631,0,1
2964,عبد الله بن عمر بن الخطاب,1,0,1,0.000000,0.0001461,0.0000631,8,0
2965,يوسف بن محمد,1,1,0,0.000000,0.0000778,0.0001188,2,0
2966,ابوعبد الله,2,1,0,0.000000,0.0000778,0.0001007,1,0
2967,ابن عباس –,2,0,2,0.000000,0.0001359,0.0000631,2,0
2968,ابن عباس يبلغ,1,0,1,0.000000,0.0000959,0.0000631,2,0
2969,ابي ايوب الانصاري,4,0,4,0.000000,0.0002355,0.0000631,1,0
2970,حسين بن عيسي,1,1,0,0.000000,0.0000778,0.0000888,6,0
2971,حمران مولي عثمان,1,0,1,0.000000,0.0000931,0.0000631,1,0
2972,الا احدثكم حديثا لولا اية ما حدثتكموه,1,0,1,0.000000,0.0002176,0.0000631,1,0
2973,حمران مولي عثمان بن عفان,1,0,1,0.000000,0.0000931,0.0000631,1,0
2974,لعبد الله بن عمر,1,0,1,0.000000,0.0001609,0.0000631,7,0
2975,احمد بن شبيب,3,1,0,0.000000,0.0000778,0.0001733,1,0
2976,سعد بن حفص,13,1,0,0.000000,0.0000778,0.0002798,6,0
2977,جدتها اسماء بنت ابي بكر,1,0,1,0.000000,0.0001206,0.0000631,3,0
2978,ابيه ⟨عمرو⟩,1,0,1,0.000000,0.0000856,0.0000631,4,1
2979,ابا جحيفة,6,0,4,0.000000,0.0002171,0.0000631,9,0
2980,اصبغ بن الفرج المصري,1,1,0,0.000000,0.0000778,0.0000854,1,0
2981,ابيه ⟨عروة بن المغيرة⟩,4,0,1,0.000000,0.0002168,0.0000631,9,1
2982,عمرو بن خالد الحراني,1,1,0,0.000000,0.0000778,0.0000819,1,0
2983,ابيه ⟨جعفر بن عمرو⟩,1,0,1,0.000000,0.0001596,0.0000631,7,1
2984,سويد بن النعمان,8,0,2,0.000000,0.0002113,0.0000631,6,0
2985,ام قيس بنت محصن,3,0,3,0.000000,0.0001139,0.0000631,1,0
2986,وباسناده,1,0,0,0.000000,0.0000778,0.0000631,27,0
2987,بينا رسول الله ساجد,1,0,1,0.000000,0.0001068,0.0000631,4,0
2988,ابي سعيد الخدري وابي هريرة,2,0,1,0.000000,0.0001091,0.0000631,1,0
2989,ابيه ⟨ابن كعب بن مالك⟩,1,0,1,0.000000,0.0001098,0.0000631,2,1
2990,المسور بن مخرمة اخبراه,5,0,6,0.000000,0.0002391,0.0000631,1,0
2991,عثمان بن الهيثم ابو عمرو,1,1,0,0.000000,0.0000778,0.0000990,0,0
2992,زيد بن خالد وابي هريرة,1,0,1,0.000000,0.0000897,0.0000631,11,0
2993,ابي امامة الباهلي,1,0,1,0.000000,0.0002001,0.0000631,8,0
2994,رافع,1,0,1,0.000000,0.0001161,0.0000631,6,0
2995,احمد بن المقدام,7,3,0,0.000000,0.0000778,0.0002822,0,0
2996,عمه ⟨رافع بن خديج بن رافع⟩,1,0,1,0.000000,0.0002188,0.0000631,6,1
2997,الربيع بن نافع ابو توبة,1,1,0,0.000000,0.0000778,0.0000967,6,0
2998,ذكرته لطاوس,1,1,1,0.000000,0.0000856,0.0000659,2,0
2999,عماي,1,0,1,0.000000,0.0006894,0.0000631,6,0
3000,الصعب بن جثامة,3,0,2,0.000000,0.0007028,0.0000631,2,0
3001,سهل بن ابي حثمة حدثاه,1,0,1,0.000000,0.0001096,0.0000631,6,0
3002,خلاد,3,2,0,0.000000,0.0000778,0.0001479,4,0
3003,كعب,3,0,3,0.000000,0.0002992,0.0000631,1,0
3004,لقيت ابي بن كعب,1,0,1,0.000000,0.0001573,0.0000631,4,0
3005,حميد الطويل سمعا انس بن مالك,1,0,1,0.000000,0.0000920,0.0000631,10,0
3006,عايشة –,3,0,2,0.000000,0.0001144,0.0000631,3,0
3007,جبلة,2,0,1,0.000000,0.0000924,0.0000631,5,0
3008,امها ⟨زينب بنت ام سلمة⟩,1,0,1,0.000000,0.0001109,0.0000631,3,1
3009,محمد بن عبد الرحيم ابو يحيي,1,1,0,0.000000,0.0000778,0.0000949,10,0
3010,اتيت جابر بن عبد الله,1,0,1,0.000000,0.0001425,0.0000631,3,0
3011,هو جده ابو امه,1,0,1,0.000000,0.0000875,0.0000631,5,0
3012,ابا بكر,3,0,2,0.000000,0.0006097,0.0000631,0,0
3013,محمد بن عبدالله بن المثني,1,1,0,0.000000,0.0000778,0.0001332,0,0
3014,جده ⟨عباية بن رفاعة بن رافع بن خديج⟩,1,0,1,0.000000,0.0001382,0.0000631,6,1
3015,علي بن الحكم الانصاري,2,1,0,0.000000,0.0000778,0.0000985,9,0
3016,عبد العزيز بن عبد الله العامري الاويسي,1,1,0,0.000000,0.0000778,0.0000820,1,0
3017,جده ⟨زهرة بن معبد⟩,1,0,1,0.000000,0.0001616,0.0000631,0,1
3018,جده ⟨عباية بن رفاعة⟩,4,0,1,0.000000,0.0002163,0.0000631,6,1
3019,لي ابو هريرة,1,0,1,0.000000,0.0001602,0.0000631,5,0
3020,موسي بن مسعود,4,3,0,0.000000,0.0000778,0.0001790,4,0
3021,احمد بن مقدام,1,1,0,0.000000,0.0000778,0.0000828,0,0
3022,علي بن الحسن,1,1,0,0.000000,0.0000778,0.0000756,4,0
3023,ميمونة زوج النبي,1,0,1,0.000000,0.0003334,0.0000631,2,0
3024,لي جابر اتاني ابن عمك يعرض بالحسن بن محمد ابن الحنفية,1,0,1,0.000000,0.0002202,0.0000631,4,0
3025,ميمونة بنت الحارث,2,0,2,0.000000,0.0003581,0.0000631,2,0
3026,كاني,1,0,1,0.000000,0.0004984,0.0000631,3,0
3027,ام هاني بنت ابي طالب,3,0,1,0.000000,0.0001718,0.0000631,8,0
3028,ام سلمة ام المومنين,1,0,1,0.000000,0.0001119,0.0000631,3,0
3029,ابي ايمن,1,0,1,0.000000,0.0000917,0.0000631,4,0
3030,ابيه ⟨عبد الله بن ابي قتادة السلمي⟩,2,0,1,0.000000,0.0001675,0.0000631,13,1
3031,مروان اخبراه,1,0,1,0.000000,0.0001147,0.0000631,2,0
3032,عباد بن عبد الله,1,1,1,0.000000,0.0001029,0.0000802,3,0
3033,كان من اصحاب النبي يخبر,1,0,1,0.000000,0.0001915,0.0000631,1,0
3034,عبد الله بن عثمان بن جبلة,1,1,0,0.000000,0.0000778,0.0001381,5,0
3035,محمد بن جعفر ابو جعفر,1,1,0,0.000000,0.0000778,0.0000830,9,0
3036,ابو سعيد,4,0,4,0.000000,0.0002967,0.0000631,1,0
3037,اعلمهم بذاك,1,0,1,0.000000,0.0001079,0.0000631,2,0
3038,عروة وابن سيب,1,0,1,0.000000,0.0000869,0.0000631,1,0
3039,عبدالله بن عمر,1,0,1,0.000000,0.0001039,0.0000631,11,0
3040,عايشة زوج النبي اخبرتها,3,0,2,0.000000,0.0001880,0.0000631,3,0
3041,لعايشة,1,0,1,0.000000,0.0001007,0.0000631,3,0
3042,زياد بن يحيي,1,1,0,0.000000,0.0000778,0.0001059,0,0
3043,ابو الربيع سليمان بن داود,1,1,0,0.000000,0.0000778,0.0000788,10,0
3044,افهمني بعضه احمد,1,1,0,0.000000,0.0000778,0.0000788,10,0
3045,عبدالله بن ابي اوفي,1,0,1,0.000000,0.0001149,0.0000631,6,0
3046,ابو سفيان,1,0,1,0.000000,0.0001915,0.0000631,1,0
3047,ام العلاء,2,0,2,0.000000,0.0001801,0.0000631,1,0
3048,امه ⟨حميد بن عبد الرحمن⟩,1,0,1,0.000000,0.0000888,0.0000631,1,1
3049,محمد بن رافع,4,4,0,0.000000,0.0000778,0.0002802,10,0
3050,عروة فاخبرتني عايشة,2,0,1,0.000000,0.0000907,0.0000631,1,0
3051,زيد بن خالد الجهني انهما,1,0,1,0.000000,0.0000892,0.0000631,1,0
3052,ابيه ⟨عبد الواحد بن ايمن المكي⟩,1,0,1,0.000000,0.0001465,0.0000631,4,1
3053,ابراهيم بن الحارث,2,1,0,0.000000,0.0000778,0.0001641,5,0
3054,بشر بن محمد السختياني,1,1,0,0.000000,0.0000778,0.0000756,4,0
3055,كعب بن مالك قلت,1,0,1,0.000000,0.0001058,0.0000631,1,0
3056,محمد بن الفضل ابو النعمان,1,1,0,0.000000,0.0000778,0.0000808,9,0
3057,سعد بن عبادة,3,0,2,0.000000,0.0005171,0.0000631,9,0
3058,كان عروة بن الزبير,1,0,1,0.000000,0.0000907,0.0000631,1,0
3059,عمر تصدق بمال,1,0,1,0.000000,0.0003339,0.0000631,11,0
3060,هارون,1,1,0,0.000000,0.0000778,0.0001334,11,0
3061,لنا سليمان,1,1,0,0.000000,0.0000778,0.0000838,0,0
3062,يعقوب بن ابراهيم بن كثير,4,4,0,0.000000,0.0000778,0.0002387,12,0
3063,لي علي بن عبد الله,1,1,0,0.000000,0.0000778,0.0001019,3,0
3064,الحسن بن صباح,4,3,0,0.000000,0.0000778,0.0002693,3,0
3065,عبد الله بن مسعود رضي الله,1,0,1,0.000000,0.0001416,0.0000631,16,0
3066,كان رسول الله يدخل علي ام حرام بنت ملحان فتطعمه,1,0,1,0.000000,0.0010881,0.0000631,0,0
3067,كانت ام حرام تحت عبادة بن الصامت فدخل عليها,1,0,1,0.000000,0.0010881,0.0000631,0,0
3068,انس بن مالك رضي الله,5,0,4,0.000000,0.0001434,0.0000631,0,0
3069,سهل بن سعد رضي الله,1,0,1,0.000000,0.0000916,0.0000631,13,0
3070,يوسف بن يعقوب الصفار,1,1,0,0.000000,0.0000778,0.0000843,10,0
3071,نام,1,0,1,0.000000,0.0003044,0.0000631,0,0
3072,انس رضي الله,3,0,3,0.000000,0.0001070,0.0000631,0,0
3073,حفص بن عمر الحوضي,2,2,0,0.000000,0.0000778,0.0000905,3,0
3074,جندب بن سفيان,2,0,1,0.000000,0.0001021,0.0000631,5,0
3075,ابا سفيان,2,0,1,0.000000,0.0003053,0.0000631,1,0
3076,غاب عمي انس بن النضر,1,0,1,0.000000,0.0002066,0.0000631,0,0
3077,محمد بن سعيد الخزاعي,2,2,0,0.000000,0.0000778,0.0001626,0,0
3078,نسخت الصحف في المصاحف,1,0,1,0.000000,0.0004097,0.0000631,14,0
3079,ام الربيع بنت البراء,1,0,1,0.000000,0.0002660,0.0000631,0,0
3080,هي ام حارثة بن,1,0,1,0.000000,0.0002660,0.0000631,0,0
3081,ابو عبس هو عبد الرحمن بن جبر,1,0,1,0.000000,0.0001921,0.0000631,6,0
3082,اخوه,1,0,1,0.000000,0.0003334,0.0000631,2,0
3083,لعلي بن عبد الله ايتيا ابا سعيد فاسمعا من حديثه فاتيناه,1,0,1,0.000000,0.0003334,0.0000631,2,0
3084,دعا,1,0,1,0.000000,0.0002660,0.0000631,0,0
3085,جيء بابي,1,0,1,0.000000,0.0003940,0.0000631,4,0
3086,عبد الله بن ابي اوفي رضي الله,1,0,2,0.000000,0.0002135,0.0000631,11,0
3087,احمد بن عبد الملك بن واقد,1,1,0,0.000000,0.0000778,0.0000810,0,0
3088,بينما هو يسير,1,0,1,0.000000,0.0003679,0.0000631,1,0
3089,كان سعد,1,0,1,0.000000,0.0001913,0.0000631,9,0
3090,احدا منهم,1,0,3,0.000000,0.0016414,0.0000631,3,0
3091,رجلين يقتل,1,0,1,0.000000,0.0016817,0.0000631,7,0
3092,كان ابو طلحة,2,0,1,0.000000,0.0004541,0.0000631,0,0
3093,لما نزلت { لا يستوي القاعدون من المومنين } دعا,1,0,1,0.000000,0.0003128,0.0000631,5,0
3094,رايت مروان بن الحكم جالسا في المسجد,1,0,1,0.000000,0.0004710,0.0000631,13,0
3095,البراء رضي الله,1,0,1,0.000000,0.0000970,0.0000631,5,0
3096,رجعنا من غزوة تبوك مع,1,0,1,0.000000,0.0003521,0.0000631,0,0
3097,ابا هريرة رضي الله,1,0,1,0.000000,0.0000962,0.0000631,7,0
3098,ابي سعيد الخدري رضي الله,1,0,1,0.000000,0.0001000,0.0000631,8,0
3099,زيد بن خالد رضي الله,1,0,1,0.000000,0.0001122,0.0000631,14,0
3100,انصرفت,1,0,1,0.000000,0.0002389,0.0000631,0,0
3101,عروة بن الجعد,1,0,1,0.000000,0.0001093,0.0000631,9,0
3102,عروة البارقي,2,0,1,0.000000,0.0001172,0.0000631,9,0
3103,علي بن حفص,3,2,0,0.000000,0.0000778,0.0001402,3,0
3104,علي بن عبد الله بن جعفر,2,2,0,0.000000,0.0000778,0.0001390,11,0
3105,معاذ رضي الله,1,0,1,0.000000,0.0001012,0.0000631,5,0
3106,سهل بن سعد الساعدي رضي الله,1,0,1,0.000000,0.0000966,0.0000631,8,0
3107,بما,1,0,1,0.000000,0.0001989,0.0000631,3,0
3108,لكن,1,0,1,0.000000,0.0002141,0.0000631,5,0
3109,اهل المدينة فزعوا,1,0,1,0.000000,0.0002660,0.0000631,0,0
3110,اجري النبي ما ضمر من الخيل من,1,0,1,0.000000,0.0003339,0.0000631,11,0
3111,عبد الله رضي الله,1,0,1,0.000000,0.0000912,0.0000631,11,0
3112,سابق رسول الله بين الخيل التي قد اضمرت فارسلها من,1,0,1,0.000000,0.0003339,0.0000631,11,0
3113,له رجل يا ابا عمارة,1,0,1,0.000000,0.0003128,0.0000631,5,0
3114,ليتم يوم,1,0,1,0.000000,0.0003128,0.0000631,5,0
3115,استاذنت النبي في الجهاد,1,0,1,0.000000,0.0004840,0.0000631,3,0
3116,لما كان يوم احد,1,0,1,0.000000,0.0002066,0.0000631,0,0
3117,عمر بن الخطاب رضي الله,1,0,1,0.000000,0.0001594,0.0000631,1,0
3118,يحيي بن يوسف,4,2,0,0.000000,0.0000778,0.0001657,7,0
3119,وزادنا عمرو,1,1,0,0.000000,0.0000778,0.0000829,10,0
3120,يونس بن عبيد,1,1,1,0.000000,0.0000851,0.0000740,0,0
3121,مورق العجلي,1,1,1,0.000000,0.0000971,0.0000722,0,0
3122,ام حرام,1,0,1,0.000000,0.0002660,0.0000631,0,0
3123,ابيه ⟨حمزة بن ابي اسيد⟩,1,0,1,0.000000,0.0001208,0.0000631,4,1
3124,جابر بن عبد الله اخبر,1,0,1,0.000000,0.0001548,0.0000631,1,0
3125,ابيه ⟨جعفر بن عمرو بن امية⟩,1,0,1,0.000000,0.0001048,0.0000631,1,1
3126,اسحاق بن يزيد الدمشقي,2,1,0,0.000000,0.0000778,0.0001961,6,0
3127,عمير فحدثتنا ام حرام,1,0,4,0.000000,0.0004277,0.0000631,7,0
3128,سعيد بن محمد,2,2,0,0.000000,0.0000778,0.0001311,10,0
3129,عبد الله بن مسلمة القعنبي,1,1,0,0.000000,0.0000778,0.0000761,13,0
3130,ابيه ⟨عبد الرحمن بن كعب بن مالك⟩,1,0,1,0.000000,0.0000976,0.0000631,2,1
3131,مجاشع,2,0,1,0.000000,0.0001329,0.0000631,0,0
3132,ثعلبة بن ابي مالك القرظي,1,0,1,0.000000,0.0000869,0.0000631,1,0
3133,عبد الرحمن بن ابي بكر الصديق,1,0,1,0.000000,0.0001086,0.0000631,2,0
3134,اصطحب هو,1,0,1,0.000000,0.0001149,0.0000631,6,0
3135,مطر بن الفضل,6,4,0,0.000000,0.0000778,0.0002304,10,0
3136,يزيد بن ابي كبشة,1,0,1,0.000000,0.0001149,0.0000631,6,0
3137,سيل اسامة بن زيد,1,0,1,0.000000,0.0000882,0.0000631,3,0
3138,ابيه ⟨زيد هو ابن اسلم⟩,1,0,1,0.000000,0.0001158,0.0000631,13,1
3139,ابا بشير الانصاري,1,0,1,0.000000,0.0000915,0.0000631,9,0
3140,الصعب,1,0,1,0.000000,0.0003334,0.0000631,2,0
3141,النبي فسمعناه من الزهري,1,1,1,0.000000,0.0000869,0.0000754,11,0
3142,لي جرير,2,0,2,0.000000,0.0001129,0.0000631,8,0
3143,ابو بكر بن اصرم,1,1,0,0.000000,0.0000778,0.0000756,4,0
3144,سالوا سهل بن سعد الساعدي رضي الله,1,0,1,0.000000,0.0000906,0.0000631,13,0
3145,كان جاء في اساري بدر,1,0,1,0.000000,0.0001101,0.0000631,1,0
3146,ابيه ⟨اياس بن سلمة بن الاكوع⟩,2,0,1,0.000000,0.0002125,0.0000631,7,1
3147,ابي طلحة,5,0,3,0.000000,0.0008078,0.0000631,0,0
3148,هدبة بن خالد,13,2,0,0.000000,0.0000778,0.0002581,0,0
3149,ام خالد بنت خالد بن سعيد,2,0,1,0.000000,0.0002414,0.0000631,4,0
3150,لي جرير بن عبد الله,2,0,1,0.000000,0.0000940,0.0000631,8,0
3151,مجاشع بن مسعود,2,0,1,0.000000,0.0001597,0.0000631,0,0
3152,كان عثمانيا,1,0,1,0.000000,0.0000993,0.0000631,4,0
3153,محمد بن عبد الله بن حوشب الطايفي,2,2,0,0.000000,0.0000778,0.0001033,10,0
3154,ابن الزبير لابن جعفر,1,0,1,0.000000,0.0001029,0.0000631,2,0
3155,السايب بن يزيد ذهبنا نتلقي رسول,1,0,1,0.000000,0.0000907,0.0000631,1,0
3156,كان محمد بن جبير ذكر لي ذكرا من حديثه,1,0,1,0.000000,0.0000869,0.0000631,1,0
3157,انهم,1,0,1,0.000000,0.0000914,0.0000631,1,0
3158,سعيد بن محمد الجرمي,2,1,0,0.000000,0.0000778,0.0001497,10,0
3159,ابن الحنفية,2,0,2,0.000000,0.0002546,0.0000631,4,0
3160,خولة الانصارية,1,0,2,0.000000,0.0002526,0.0000631,14,0
3161,ابو موسي الاشعري,3,0,3,0.000000,0.0001621,0.0000631,12,0
3162,مسور بن مخرمة اخبراه,1,0,1,0.000000,0.0000982,0.0000631,3,0
3163,القاسم بن عاصم الكليبي,1,1,1,0.000000,0.0000937,0.0000691,0,0
3164,انا لحديث القاسم احفظ,1,1,1,0.000000,0.0000937,0.0000691,0,0
3165,زهدم,6,0,5,0.000000,0.0004009,0.0000631,0,0
3166,بلغنا مخرج,1,0,1,0.000000,0.0006606,0.0000631,12,0
3167,ناسا من الانصار,1,0,1,0.000000,0.0002660,0.0000631,0,0
3168,اسماء ابنة ابي بكر,3,0,3,0.000000,0.0001173,0.0000631,3,0
3169,عمرا,2,0,1,0.000000,0.0000954,0.0000631,4,0
3170,عمرو بن عوف الانصاري,1,0,1,0.000000,0.0001227,0.0000631,2,0
3171,كان شهد بدرا,2,0,2,0.000000,0.0001520,0.0000631,1,0
3172,هو حليف لبني عامر بن لوي,3,0,1,0.000000,0.0002125,0.0000631,2,0
3173,الفضل بن يعقوب,4,2,0,0.000000,0.0000778,0.0003275,15,0
3174,ام هاني ابنة ابي طالب,1,0,1,0.000000,0.0001532,0.0000631,8,0
3175,بشر هو ابن المفضل,1,1,1,0.000000,0.0000796,0.0000837,6,0
3176,ابا سفيان بن حرب,3,0,2,0.000000,0.0005609,0.0000631,1,0
3177,عوف بن مالك,1,0,1,0.000000,0.0001488,0.0000631,6,0
3178,ابو وايل,2,0,2,0.000000,0.0001896,0.0000631,3,0
3179,احمد بن عثمان بن حكيم,1,1,0,0.000000,0.0000778,0.0001031,5,0
3180,عبدان بن عثمان,2,1,0,0.000000,0.0000778,0.0001594,5,0
3181,وروي عيسي,1,1,0,0.000000,0.0000778,0.0001189,12,0
3182,سعيد بن زيد بن عمرو بن نفيل,1,0,1,0.000000,0.0000874,0.0000631,3,0
3183,مالك بن صعصعة,4,0,1,0.000000,0.0008305,0.0000631,0,0
3184,الحسن بن الربيع,6,1,0,0.000000,0.0000778,0.0002811,6,0
3185,ابا طلحة,3,0,3,0.000000,0.0007497,0.0000631,2,0
3186,محمد بن عبد الله بن اسماعيل,1,1,0,0.000000,0.0000778,0.0001015,0,0
3187,ابن عم نبيكم,3,0,2,0.000000,0.0001613,0.0000631,0,0
3188,ابيه ⟨ابي بكر بن عبد الله بن قيس الاشعري⟩,1,0,1,0.000000,0.0002095,0.0000631,0,1
3189,عبد الله بن محمد الجعفي,14,9,0,0.000000,0.0000778,0.0005053,3,0
3190,روح بن عبد المومن,1,1,0,0.000000,0.0000778,0.0000839,0,0
3191,ابا ذر,4,0,4,0.000000,0.0002230,0.0000631,4,0
3192,صفية ابنة حيي,1,0,1,0.000000,0.0000914,0.0000631,1,0
3193,اباه سعد بن ابي وقاص,1,0,1,0.000000,0.0001455,0.0000631,1,0
3194,عقبة بن عمرو ابي مسعود,1,0,1,0.000000,0.0000859,0.0000631,8,0
3195,ام شريك,2,0,1,0.000000,0.0001091,0.0000631,1,0
3196,نصر بن علي,3,3,0,0.000000,0.0000778,0.0002049,6,0
3197,حفظته من الزهري كما انك ها هنا,1,1,1,0.000000,0.0000866,0.0000754,11,0
3198,سفيان بن ابي زهير الشنيي,1,0,1,0.000000,0.0001929,0.0000631,3,0
3199,عايشة حدثتها,1,0,1,0.000000,0.0001511,0.0000631,4,0
3200,ام سلمة حدثتها,1,0,1,0.000000,0.0001016,0.0000631,3,0
3201,فاطمة بنت ابي حبيش,1,0,1,0.000000,0.0004984,0.0000631,3,0
3202,احمد بن ابي سريج,3,2,0,0.000000,0.0000778,0.0002897,5,0
3203,الحسن بن مدرك,5,1,0,0.000000,0.0000778,0.0002646,9,0
3204,خالتي ميمونة زوج النبي,1,0,1,0.000000,0.0001072,0.0000631,2,0
3205,ام سليم,3,0,2,0.000000,0.0010260,0.0000631,3,0
3206,ابو كريب,4,2,0,0.000000,0.0000778,0.0001225,12,0
3207,موسي بن حزام,1,1,0,0.000000,0.0000778,0.0000813,1,0
3208,انس يرفعه,1,0,1,0.000000,0.0001045,0.0000631,5,0
3209,نصر بن علي بن نصر,2,2,0,0.000000,0.0000778,0.0001390,6,0
3210,انس كان ابو ذر,1,0,1,0.000000,0.0000869,0.0000631,1,0
3211,ابن كثير,1,1,0,0.000000,0.0000778,0.0000855,4,0
3212,زينب ابنة جحش ن,2,0,2,0.000000,0.0003169,0.0000631,3,0
3213,سعيد بن تليد الرعيني,1,1,0,0.000000,0.0000778,0.0000854,1,0
3214,احمد بن سعيد ابو عبد الله,4,2,0,0.000000,0.0000778,0.0004525,3,0
3215,ابو حميد الساعدي,2,0,2,0.000000,0.0001363,0.0000631,8,0
3216,عبد الله بن زمعة,4,0,2,0.000000,0.0001174,0.0000631,3,0
3217,محمد بن مسكين ابو الحسن,2,2,0,0.000000,0.0000778,0.0001898,5,0
3218,ابيه ⟨ابي بردة بن ابي موسي⟩,1,0,1,0.000000,0.0001257,0.0000631,0,1
3219,الربيع بن يحيي البصري,1,1,0,0.000000,0.0000778,0.0000839,3,0
3220,عبد الله بن محمد بن اسماء ابن اخي جويرية,1,1,0,0.000000,0.0000778,0.0000792,11,0
3221,محمد بن سعيد الاصبهاني,1,1,0,0.000000,0.0000778,0.0000954,3,0
3222,قلت,4,0,3,0.000000,0.0019059,0.0000631,9,0
3223,عبادة,1,0,1,0.000000,0.0001609,0.0000631,6,0
3224,صالح بن حي,1,0,1,0.000000,0.0001068,0.0000631,4,0
3225,عايشة وابن عباس,3,0,3,0.000000,0.0001204,0.0000631,1,0
3226,قاعدت ابا هريرة خمس سنين فسمعته,1,0,1,0.000000,0.0001324,0.0000631,13,0
3227,يكون جندب كذب علي رسول الله,1,0,1,0.000000,0.0002409,0.0000631,0,0
3228,احمد بن اسحاق,4,3,0,0.000000,0.0000778,0.0004119,0,0
3229,سعيد بن تليد,5,2,0,0.000000,0.0000778,0.0001673,1,0
3230,ابو مسعود عقبة,1,0,1,0.000000,0.0000963,0.0000631,4,0
3231,خالد بن يزيد الكاهلي,2,2,0,0.000000,0.0000778,0.0000965,7,0
3232,ربيبة النبي زينب ابنة ابي سلمة,1,0,1,0.000000,0.0001485,0.0000631,9,0
3233,ربيبة,1,0,1,0.000000,0.0001485,0.0000631,9,0
3234,ابي مسعود يبلغ,1,0,1,0.000000,0.0000859,0.0000631,8,0
3235,واثلة بن الاسقع,1,0,1,0.000000,0.0002079,0.0000631,13,0
3236,الاقرع بن حابس,1,0,1,0.000000,0.0004367,0.0000631,0,0
3237,ثابت بن محمد,2,1,0,0.000000,0.0000778,0.0001079,4,0
3238,زيد هو ابن اخزم,1,1,0,0.000000,0.0000778,0.0001837,5,0
3239,لنا قبيصة,1,1,0,0.000000,0.0000778,0.0000855,4,0
3240,وهب ابي جحيفة السوايي,1,0,1,0.000000,0.0000970,0.0000631,5,0
3241,حريز بن عثمان,1,0,1,0.000000,0.0001438,0.0000631,21,0
3242,عصام بن خالد,1,1,0,0.000000,0.0000778,0.0001168,21,0
3243,الحسن بن منصور ابو علي,1,1,0,0.000000,0.0000778,0.0001381,5,0
3244,عبد الله بن مالك ابن بحينة الاسدي,1,0,1,0.000000,0.0000852,0.0000631,7,0
3245,ابيه ⟨عون بن ابي جحيفة ذكر⟩,1,0,1,0.000000,0.0001672,0.0000631,3,1
3246,الحسن بن صباح البزار,1,1,0,0.000000,0.0000778,0.0000855,4,0
3247,عبد الرحمن بن مبارك,1,1,0,0.000000,0.0000778,0.0001516,0,0
3248,اتينا ابا هريرة,1,0,1,0.000000,0.0000859,0.0000631,8,0
3249,محمد بن الحكم,2,1,0,0.000000,0.0000778,0.0001062,5,0
3250,عديا,1,0,1,0.000000,0.0001843,0.0000631,9,0
3251,سعيد بن شرحبيل,2,2,0,0.000000,0.0000778,0.0000992,1,0
3252,زينب بنت جحش,1,0,1,0.000000,0.0001615,0.0000631,3,0
3253,عبد العزيز الاويسي,1,1,0,0.000000,0.0000778,0.0000757,4,0
3254,الصادق المصدوق,1,0,1,0.000000,0.0002560,0.0000631,20,0
3255,حذيفة بن اليمان,3,0,3,0.000000,0.0002713,0.0000631,6,0
3256,خباب بن الارت,2,0,1,0.000000,0.0000940,0.0000631,8,0
3257,ابي موسي اراه,4,0,2,0.000000,0.0002385,0.0000631,12,0
3258,عباس بن الوليد النرسي,1,1,0,0.000000,0.0000778,0.0000885,0,0
3259,عبد الرحمن بن شيبة,2,2,0,0.000000,0.0000778,0.0002159,7,0
3260,خلف بن خالد القرشي,1,1,0,0.000000,0.0000778,0.0000868,1,0
3261,ابو سعيد الخدري,1,0,1,0.000000,0.0007843,0.0000631,2,0
3262,احمد بن ابي الطيب,1,1,0,0.000000,0.0000778,0.0001200,8,0
3263,عمارا,1,0,1,0.000000,0.0000909,0.0000631,0,0
3264,عمرو بن العاص,3,0,3,0.000000,0.0002278,0.0000631,14,0
3265,عبد الله بن سالم,1,1,0,0.000000,0.0000778,0.0000853,1,0
3266,الوليد بن صالح,1,1,0,0.000000,0.0000778,0.0000848,3,0
3267,محمد بن يزيد الكوفي,1,1,0,0.000000,0.0000778,0.0001092,6,0
3268,محمد بن الصلت ابو جعفر الكوفي,1,1,0,0.000000,0.0000778,0.0000954,3,0
3269,ابو بكر بن سالم,1,1,1,0.000000,0.0000897,0.0000701,11,0
3270,ابيه ⟨محمد بن سعد بن ابي وقاص⟩,1,0,1,0.000000,0.0001455,0.0000631,1,1
3271,زاد زكرياء بن ابي زايدة,1,1,0,0.000000,0.0000778,0.0000777,5,0
3272,جده ⟨ابو عقيل زهرة بن معبد⟩,4,0,1,0.000000,0.0002493,0.0000631,14,1
3273,المسور بن مخرمة وعبد الرحمن بن الاسود بن عبد يغوث,1,0,1,0.000000,0.0001179,0.0000631,10,0
3274,محمد بن حاتم بن بزيغ,1,1,0,0.000000,0.0000778,0.0001065,5,0
3275,احمد بن ابي بكر,2,2,0,0.000000,0.0000778,0.0001571,7,0
3276,اسامة بن زيد حدث,1,0,1,0.000000,0.0001135,0.0000631,0,0
3277,مولي لاسامة بن زيد,1,0,1,0.000000,0.0000907,0.0000631,1,0
3278,حرملة مولي اسامة بن زيد,1,0,1,0.000000,0.0000907,0.0000631,1,0
3279,فقصتها حفصة علي,1,0,0,0.000000,0.0000778,0.0000631,26,0
3280,اخته حفصة,1,0,1,0.000000,0.0003339,0.0000631,11,0
3281,ابا بكرة,1,0,1,0.000000,0.0001356,0.0000631,0,0
3282,محمد بن الحسين بن ابراهيم,3,3,0,0.000000,0.0000778,0.0001753,10,0
3283,حجاج بن المنهال,2,1,0,0.000000,0.0000778,0.0001131,5,0
3284,احمد بن واقد,3,2,0,0.000000,0.0000778,0.0001195,0,0
3285,ابا موسي الاشعري,1,0,1,0.000000,0.0001097,0.0000631,5,0
3286,الصلت بن محمد ابو همام,1,1,0,0.000000,0.0000778,0.0000962,1,0
3287,زيد بن ارقم,8,0,5,0.000000,0.0003771,0.0000631,5,0
3288,ابا حمزة رجلا من الانصار,1,0,1,0.000000,0.0000900,0.0000631,5,0
3289,ابي اسيد,4,0,4,0.000000,0.0005580,0.0000631,4,0
3290,ابو اسيد,3,0,3,0.000000,0.0005575,0.0000631,0,0
3291,اسيد بن حضير,3,0,2,0.000000,0.0004716,0.0000631,0,0
3292,محمد بن يحيي ابو علي,1,1,0,0.000000,0.0000778,0.0001877,5,0
3293,ذكر عبد الله بن مسعود عند عبد الله بن عمرو,1,0,1,0.000000,0.0001007,0.0000631,3,0
3294,عمر بن محمد بن حسن,1,1,0,0.000000,0.0000778,0.0001719,3,0
3295,قلت لعبد الله بن ابي اوفي,1,0,1,0.000000,0.0000826,0.0000631,8,0
3296,في الجاهلية,1,0,1,0.000000,0.0003616,0.0000631,2,0
3297,نعيم بن حماد,1,1,0,0.000000,0.0000778,0.0000860,10,0
3298,خبابا,2,0,2,0.000000,0.0001318,0.0000631,8,0
3299,عبد الله بن حماد الاملي,1,1,0,0.000000,0.0000778,0.0001561,13,0
3300,عمار بن ياسر,1,0,1,0.000000,0.0001496,0.0000631,4,0
3301,ابا اسحاق سعد بن ابي وقاص,1,0,1,0.000000,0.0000935,0.0000631,1,0
3302,ابي ⟨معن بن عبد الرحمن⟩,1,0,1,0.000000,0.0001557,0.0000631,4,1
3303,ابيه ⟨فاخبرني جدي زيد بن عبد الله بن عمر⟩,1,0,1,0.000000,0.0001615,0.0000631,1,1
3304,للقوم,1,0,1,0.000000,0.0003420,0.0000631,9,0
3305,عثمان بن صالح,2,2,0,0.000000,0.0000778,0.0001172,1,0
3306,ابو الربيع,1,1,0,0.000000,0.0000778,0.0000939,4,0
3307,العباس بن عبد المطلب,1,0,1,0.000000,0.0001459,0.0000631,0,0
3308,كان قايد كعب,1,0,1,0.000000,0.0000884,0.0000631,1,0
3309,عبادة بن الصامت من الذين شهدوا بدرا مع رسول الله,1,0,1,0.000000,0.0001214,0.0000631,10,0
3310,من اصحابه ليلة العقبة,1,0,1,0.000000,0.0001214,0.0000631,10,0
3311,سراقة بن جعشم,1,0,1,0.000000,0.0002613,0.0000631,1,0
3312,ابو بردة بن ابي موسي الاشعري,1,0,1,0.000000,0.0000963,0.0000631,5,0
3313,انس خادم النبي,1,0,1,0.000000,0.0002021,0.0000631,6,0
3314,دحيم,1,1,0,0.000000,0.0000778,0.0001092,6,0
3315,عبد الرحمن بن حميد الزهري,1,0,1,0.000000,0.0000837,0.0000631,1,0
3316,ابيه ⟨عامر بن سعد بن مالك⟩,1,0,1,0.000000,0.0001548,0.0000631,1,1
3317,ابا المنهال عبد الرحمن بن مطعم,1,0,1,0.000000,0.0000856,0.0000631,4,0
3318,زياد بن ايوب,2,1,0,0.000000,0.0000778,0.0001090,10,0
3319,الحسن بن عمر بن شقيق,1,1,0,0.000000,0.0000778,0.0000885,0,0
3320,سعد بن معاذ,1,0,1,0.000000,0.0001638,0.0000631,5,0
3321,محمد بن عبد الله الرقاشي,2,2,0,0.000000,0.0000778,0.0001334,0,0
3322,اسحاق بن ابراهيم الصواف,1,2,0,0.000000,0.0000778,0.0001956,0,0
3323,ابن عمر ذكر له,1,0,1,0.000000,0.0000912,0.0000631,11,0
3324,عبد الله بن عتبة يخبره,1,0,1,0.000000,0.0003868,0.0000631,17,0
3325,ابيه ⟨معاذ بن رفاعة بن رافع الزرقي⟩,1,0,1,0.000000,0.0001495,0.0000631,6,1
3326,معاذ بن رفاعة بن رافع,1,0,1,0.000000,0.0000834,0.0000631,6,0
3327,معاذ بن رفاعة,1,0,1,0.000000,0.0000834,0.0000631,6,0
3328,حسين بن علي عليهم السلام,1,0,1,0.000000,0.0000914,0.0000631,1,0
3329,انفذه لنا ابن الاصبهاني سمعه من ابن معقل,1,0,1,0.000000,0.0000861,0.0000631,4,0
3330,ابا مسعود البدري,1,0,1,0.000000,0.0000858,0.0000631,14,0
3331,ابي مسعود البدري,1,0,1,0.000000,0.0001005,0.0000631,4,0
3332,كان من اصحاب النبي ممن شهد بدرا من الانصار,2,0,2,0.000000,0.0001225,0.0000631,1,0
3333,احمد هو ابن صالح,1,1,0,0.000000,0.0000778,0.0000879,1,0
3334,كان ابوه شهد بدرا مع النبي,1,0,1,0.000000,0.0000907,0.0000631,1,0
3335,كان من اكبر بني عدي,1,0,1,0.000000,0.0000907,0.0000631,1,0
3336,عميه,1,0,1,0.000000,0.0001167,0.0000631,11,0
3337,كانا شهدا بدرا اخبراه,1,0,1,0.000000,0.0001167,0.0000631,11,0
3338,عبد الله بن شداد بن الهاد الليثي,1,0,1,0.000000,0.0001187,0.0000631,2,0
3339,عمرو بن عوف,2,0,1,0.000000,0.0001676,0.0000631,2,0
3340,كان شهد بدرا مع النبي,1,0,1,0.000000,0.0001227,0.0000631,2,0
3341,المقداد بن عمرو الكندي,1,0,1,0.000000,0.0001179,0.0000631,10,0
3342,كان حليفا لبني زهرة,1,0,1,0.000000,0.0001179,0.0000631,10,0
3343,كان ممن شهد بدرا مع رسول الله,1,0,1,0.000000,0.0001179,0.0000631,10,0
3344,الحجاج بن منهال,2,2,0,0.000000,0.0000778,0.0001186,1,0
3345,مالك بن اوس بن الحدثان النصري,1,0,1,0.000000,0.0000907,0.0000631,1,0
3346,يسرة بن صفوان,2,1,0,0.000000,0.0000778,0.0000884,4,0
3347,يحيي بن عبد الله السلمي,2,2,0,0.000000,0.0000778,0.0001131,4,0
3348,ابو جعفر محمد بن عبد الله,1,1,0,0.000000,0.0000778,0.0001567,0,0
3349,مخلد بن مالك,1,1,0,0.000000,0.0000778,0.0001454,2,0
3350,ابن ابي الاسود,2,2,0,0.000000,0.0000778,0.0001232,0,0
3351,وزاد ابراهيم بن طهمان,1,1,0,0.000000,0.0000778,0.0001062,9,0
3352,بكر بن سوادة,1,1,0,0.000000,0.0000778,0.0001190,12,0
3353,ابي موسي رضي الله,1,0,1,0.000000,0.0000963,0.0000631,12,0
3354,جابرا اخبر,1,0,1,0.000000,0.0001548,0.0000631,1,0
3355,ابو الزبير,1,1,0,0.000000,0.0000778,0.0000746,2,0
3356,ام رومان,2,0,1,0.000000,0.0001237,0.0000631,4,0
3357,هي ام عايشة,2,0,1,0.000000,0.0001237,0.0000631,4,0
3358,فضل بن يعقوب,1,1,0,0.000000,0.0000778,0.0001338,5,0
3359,وكان من اصحاب الشجرة,1,0,1,0.000000,0.0001507,0.0000631,8,0
3360,الحسن بن خلف,1,1,0,0.000000,0.0000778,0.0001272,2,0
3361,طارق بن عبد الرحمن,1,0,1,0.000000,0.0000948,0.0000631,5,0
3362,كان من اصحاب الشجرة,4,0,3,0.000000,0.0001364,0.0000631,0,0
3363,اخيه ⟨اسماعيل⟩,2,2,1,0.000000,0.0000873,0.0001011,8,1
3364,ابي وكان من اصحاب الشجرة,1,0,1,0.000000,0.0001452,0.0000631,7,0
3365,يحيي بن يعلي المحاربي,1,1,0,0.000000,0.0000778,0.0001577,7,0
3366,ابيه ⟨العلاء بن المسيب⟩,1,0,1,0.000000,0.0001208,0.0000631,9,1
3367,احمد بن اشكاب,3,1,0,0.000000,0.0000778,0.0001356,9,0
3368,ابيه ⟨مجزاة بن زاهر الاسلمي⟩,1,0,1,0.000000,0.0001181,0.0000631,5,1
3369,كان ممن شهد الشجرة,1,0,1,0.000000,0.0001181,0.0000631,5,0
3370,رجل منهم من اصحاب الشجرة اسمه اهبان بن اوس,1,0,1,0.000000,0.0001438,0.0000631,22,0
3371,مجزاة,1,1,0,0.000000,0.0000778,0.0001168,22,0
3372,محمد بن حاتم بن بزيع,2,1,0,0.000000,0.0000778,0.0001499,5,0
3373,مروان بن الحكم يزيد احدهما علي صاحبه,1,0,1,0.000000,0.0000916,0.0000631,1,0
3374,شجاع بن الوليد,1,1,0,0.000000,0.0000778,0.0001482,11,0
3375,الحسن بن اسحاق,2,1,0,0.000000,0.0000778,0.0001628,3,0
3376,محمد بن هشام ابو عبد الله,1,1,0,0.000000,0.0000778,0.0000860,10,0
3377,الحجاج الصواف,1,0,1,0.000000,0.0000844,0.0000631,0,0
3378,شبيب,1,1,0,0.000000,0.0000778,0.0000852,1,0
3379,ابن ابي اوفي عنهما,1,0,1,0.000000,0.0001115,0.0000631,9,0
3380,البراء وعبد الله بن ابي اوفي,1,0,1,0.000000,0.0000875,0.0000631,5,0
3381,البراء وابن ابي اوفي يحدثان,1,0,1,0.000000,0.0000875,0.0000631,5,0
3382,محمد بن ابي الحسين,1,1,0,0.000000,0.0000778,0.0005049,4,0
3383,ابا هريرة يخبر سعيد بن العاصي,1,0,1,0.000000,0.0001585,0.0000631,1,0
3384,ويذكر,1,1,0,0.000000,0.0000778,0.0000853,1,0
3385,ابا سعيد وابا هريرة حدثاه,1,0,1,0.000000,0.0000986,0.0000631,0,0
3386,عبد العزيز بن محمد,1,1,0,0.000000,0.0000778,0.0001334,0,0
3387,وزاد ابن اسحاق,1,2,0,0.000000,0.0000778,0.0001644,2,0
3388,خالد بن الوليد,4,0,4,0.000000,0.0004823,0.0000631,8,0
3389,الهيثم بن خارجة,1,1,0,0.000000,0.0000778,0.0001003,3,0
3390,اقمنا مع,1,0,1,0.000000,0.0003334,0.0000631,2,0
3391,عبد الله بن ثعلبة بن صعير,2,0,2,0.000000,0.0000998,0.0000631,1,0
3392,وزعم ابو جميلة,1,0,1,0.000000,0.0002092,0.0000631,1,0
3393,لي ابو قلابة الا تلقاه فتساله,1,0,1,0.000000,0.0001574,0.0000631,0,0
3394,امها ⟨زينب ابنة ابي سلمة⟩,2,0,1,0.000000,0.0001192,0.0000631,3,1
3395,يعلي كان,1,0,1,0.000000,0.0001579,0.0000631,2,0
3396,عبد الله بن زيد بن عاصم,1,0,1,0.000000,0.0000915,0.0000631,9,0
3397,عباس بن الوليد,1,1,0,0.000000,0.0000778,0.0000895,9,0
3398,معاذا رضي الله,1,0,1,0.000000,0.0001012,0.0000631,5,0
3399,ابيه ⟨عبد الله بن بريدة⟩,1,0,1,0.000000,0.0001089,0.0000631,0,1
3400,عبد الله بن ابي شيبة العبسي,1,1,0,0.000000,0.0000778,0.0001186,8,0
3401,ابي جمرة قلت لابن عباس,1,0,1,0.000000,0.0000994,0.0000631,3,0
3402,ابا رجاء العطاردي,1,0,1,0.000000,0.0000892,0.0000631,0,0
3403,ابن المنكدر جابر بن عبد الله,1,0,1,0.000000,0.0000866,0.0000631,4,0
3404,عايشة زوج النبي اخبرتهما,1,0,1,0.000000,0.0001548,0.0000631,1,0
3405,انا شاهد,1,0,1,0.000000,0.0000882,0.0000631,3,0
3406,سيل اسامة,1,0,1,0.000000,0.0000882,0.0000631,3,0
3407,ابا ايوب,1,0,1,0.000000,0.0001026,0.0000631,5,0
3408,ابيه ⟨مصعب بن سعد⟩,1,0,1,0.000000,0.0001276,0.0000631,5,1
3409,السايب,2,0,2,0.000000,0.0001359,0.0000631,2,0
3410,يسرة بن صفوان بن جميل اللخمي,3,2,0,0.000000,0.0000778,0.0001263,1,0
3411,عايشة وعبد الله بن عباس,3,0,1,0.000000,0.0001165,0.0000631,1,0
3412,ابن,1,0,3,0.000000,0.0013516,0.0000631,3,0
3413,ابيه ⟨ابن بريدة⟩,1,0,1,0.000000,0.0001134,0.0000631,0,1
3414,احمد بن الحسن,1,1,0,0.000000,0.0000778,0.0001551,0,0
3415,ابي سعيد بن المعلي,4,0,1,0.000000,0.0001509,0.0000631,7,0
3416,عمرو بن شرحبيل,5,1,1,0.000000,0.0001537,0.0001256,4,0
3417,يوسف بن راشد,4,7,0,0.000000,0.0000778,0.0004220,6,0
3418,عايشة ترفعه,1,0,1,0.000000,0.0001029,0.0000631,2,0
3419,ابن الزبير قلت لعثمان,1,0,1,0.000000,0.0001029,0.0000631,2,0
3420,علي هو ابن ابي هاشم,1,1,0,0.000000,0.0000778,0.0001300,9,0
3421,ابو سفيان من,1,0,1,0.000000,0.0003334,0.0000631,2,0
3422,اسحاق بن ابراهيم بن عبد الرحمن ابو يعقوب,1,1,0,0.000000,0.0000778,0.0000959,10,0
3423,احمد بن يونس اراه,1,1,0,0.000000,0.0000778,0.0000762,7,0
3424,احمد بن حميد,1,1,0,0.000000,0.0000778,0.0001359,4,0
3425,ذكره ابو الحسن السوايي,1,1,1,0.000000,0.0003334,0.0000659,2,0
3426,لا اظنه ذكره الا,1,1,1,0.000000,0.0003334,0.0000659,2,0
3427,محمد بن عبد العزيز,2,2,0,0.000000,0.0000778,0.0001587,8,0
3428,عبد الله بن يزيد المقري,2,3,0,0.000000,0.0000778,0.0001687,14,0
3429,محمد بن عبد الرحمن ابو الاسود,1,0,2,0.000000,0.0001168,0.0000631,14,0
3430,حمدان بن عمر,1,1,0,0.000000,0.0000778,0.0001124,4,0
3431,شهدت من المقداد,1,0,1,0.000000,0.0007990,0.0000631,4,0
3432,علي بن سلمة,1,1,0,0.000000,0.0000778,0.0000996,3,0
3433,منذر بن الوليد بن عبد الرحمن الجارودي,1,1,0,0.000000,0.0000778,0.0001381,5,0
3434,محمد بن ابي يعقوب ابو عبد الله الكرماني,1,1,0,0.000000,0.0000778,0.0000998,1,0
3435,ابا الدرداء,1,0,1,0.000000,0.0001383,0.0000631,6,0
3436,عبد الله بن براد,1,1,0,0.000000,0.0000778,0.0000769,12,0
3437,محمد بن النضر,1,1,0,0.000000,0.0000778,0.0001206,5,0
3438,بشر بن خالد ابو محمد,1,1,0,0.000000,0.0000778,0.0000859,13,0
3439,مومل هو ابن هشام,1,1,0,0.000000,0.0000778,0.0000889,0,0
3440,ابي كعب بن مالك,1,0,1,0.000000,0.0001528,0.0000631,1,0
3441,كان قايد كعب بن مالك,1,1,1,0.000000,0.0000884,0.0000678,1,0
3442,زيد بن ثابت الانصاري,1,0,1,0.000000,0.0001009,0.0000631,1,0
3443,كان ممن يكتب الوحي,1,0,1,0.000000,0.0001009,0.0000631,1,0
3444,الحسن بن محمد بن صباح,3,2,0,0.000000,0.0000778,0.0002892,5,0
3445,محمد بن عباد بن جعفر,2,0,1,0.000000,0.0001018,0.0000631,2,0
3446,ابي هريرة يبلغ,2,0,1,0.000000,0.0001172,0.0000631,2,0
3447,انا لعند ابن عباس في بيته اذ,1,0,1,0.000000,0.0000986,0.0000631,0,0
3448,عويمرا اتي عاصم بن عدي,1,0,1,0.000000,0.0003807,0.0000631,13,0
3449,كان سيد بني عجلان,1,0,1,0.000000,0.0003807,0.0000631,13,0
3450,مقدم بن محمد بن يحيي,1,1,0,0.000000,0.0000778,0.0001005,11,0
3451,حديث عايشة,1,0,4,0.000000,0.0001519,0.0000631,1,0
3452,ام رومان ام عايشة,1,0,1,0.000000,0.0001007,0.0000631,3,0
3453,ابي ميسرة,2,1,1,0.000000,0.0001081,0.0000881,4,0
3454,القاسم بن ابي بزة,1,0,1,0.000000,0.0000898,0.0000631,2,0
3455,ابن ابزي,1,0,1,0.000000,0.0001057,0.0000631,2,0
3456,سفيان العصفري,1,1,1,0.000000,0.0001021,0.0000678,2,0
3457,في كندة,1,0,1,0.000000,0.0001634,0.0000631,3,0
3458,دخلنا علي عبد الله بن مسعود,1,0,1,0.000000,0.0001007,0.0000631,3,0
3459,عبد الرحمن بن خالد بن مسافر,2,1,1,0.000000,0.0000864,0.0001051,1,0
3460,الله,1,0,1,0.000000,0.0001068,0.0000631,4,0
3461,معاوية بن ابي المزرد,1,0,1,0.000000,0.0001068,0.0000631,4,0
3462,ممن شهد الشجرة,1,0,1,0.000000,0.0002894,0.0000631,0,0
3463,عبد الله بن المغفل المزني,1,0,1,0.000000,0.0001168,0.0000631,0,0
3464,محمد بن الوليد,4,1,0,0.000000,0.0000778,0.0001544,13,0
3465,احمد بن اسحاق السلمي,1,1,0,0.000000,0.0000778,0.0001001,2,0
3466,عمر رضي,1,0,1,0.000000,0.0001216,0.0000631,2,0
3467,يهلكا ابا بكر,1,0,1,0.000000,0.0001216,0.0000631,2,0
3468,محمد بن موسي القطان,1,1,0,0.000000,0.0000778,0.0001472,0,0
3469,واكثر ما كان يوقفه ابو سفيان,1,0,1,0.000000,0.0011164,0.0000631,7,0
3470,حدثوني,1,1,1,0.000000,0.0000866,0.0000810,4,0
3471,عبد الله –,1,0,1,0.000000,0.0001005,0.0000631,4,0
3472,عروة قلت لعايشة,1,0,1,0.000000,0.0000907,0.0000631,1,0
3473,ابيه ⟨ابي بكر بن عبد الله بن قيس⟩,3,0,1,0.000000,0.0003073,0.0000631,0,1
3474,عبيد الله بن ابي رافع كاتب علي,1,0,1,0.000000,0.0001212,0.0000631,1,0
3475,حفص وابو معاوية,1,1,1,0.000000,0.0000948,0.0000821,5,0
3476,سليمان بن قرم,1,1,1,0.000000,0.0000948,0.0000821,5,0
3477,سعيد بن النضر,2,1,0,0.000000,0.0000778,0.0001090,10,0
3478,جندبا البجلي,1,0,1,0.000000,0.0000900,0.0000631,5,0
3479,محمد بن شهاب فاخبرني ابو سلمة,1,1,0,0.000000,0.0000778,0.0000784,2,0
3480,احمد بن ابي داود ابو جعفر المنادي,1,1,0,0.000000,0.0000778,0.0000894,10,0
3481,المعوذتين,1,0,1,0.000000,0.0006701,0.0000631,2,0
3482,اخبرتني عايشة وابن عباس,1,0,1,0.000000,0.0000962,0.0000631,7,0
3483,سعيد بن العاص وعبد الله بن الزبير وعبد الرحمن بن الحارث بن هشام,1,0,1,0.000000,0.0002660,0.0000631,0,0
3484,فامر عثمان زيد بن ثابت,1,0,1,0.000000,0.0002660,0.0000631,0,0
3485,المسور بن مخرمة وعبد الرحمن بن عبد القاري حدثاه انهما سمعا عمر بن الخطاب,2,0,2,0.000000,0.0001065,0.0000631,3,0
3486,اخي قتادة بن النعمان,1,0,1,0.000000,0.0008679,0.0000631,8,0
3487,وزاد ابو معمر,1,1,0,0.000000,0.0000778,0.0000887,1,0
3488,هدبة بن خالد ابو خالد,1,1,0,0.000000,0.0000778,0.0000775,0,0
3489,علي بن ابراهيم,1,1,0,0.000000,0.0000778,0.0000894,10,0
3490,عثمان بن عفان,1,0,1,0.000000,0.0001026,0.0000631,4,0
3491,حديث المسور بن مخرمة وعبد الرحمن بن عبد القاري,1,0,1,0.000000,0.0000927,0.0000631,3,0
3492,محمد بن خلف ابو بكر,1,1,0,0.000000,0.0000778,0.0001304,12,0
3493,لي ابن شبرمة,1,0,1,0.000000,0.0000866,0.0000631,4,0
3494,محمد بن عبد الرحمن مولي بني زهرة,1,1,1,0.000000,0.0000834,0.0000721,6,0
3495,الاسود علي عبد الله,1,0,1,0.000000,0.0001138,0.0000631,4,0
3496,دخلت مع علقمة,1,0,1,0.000000,0.0001138,0.0000631,4,0
3497,محمد بن منهال,3,1,0,0.000000,0.0000778,0.0001254,0,0
3498,ام حبيبة بنت ابي سفيان اخبرتها,1,0,1,0.000000,0.0000985,0.0000631,3,0
3499,عبيد بن ابي مريم,1,1,1,0.000000,0.0001154,0.0001717,2,0
3500,من عقبة,1,0,1,0.000000,0.0003265,0.0000631,2,0
3501,لنا احمد بن حنبل,1,1,0,0.000000,0.0000778,0.0000836,6,0
3502,لابن عباس,1,0,1,0.000000,0.0004385,0.0000631,1,0
3503,لي طلق,1,1,0,0.000000,0.0000778,0.0000839,3,0
3504,احمد بن ابي عمرو,1,1,0,0.000000,0.0000778,0.0001275,4,0
3505,ابي عمرو مولي عايشة,1,1,1,0.000000,0.0001029,0.0000679,2,0
3506,عمرو بن الربيع بن طارق,1,1,0,0.000000,0.0000778,0.0000819,1,0
3507,خنساء بنت خذام الانصارية,2,0,3,0.000000,0.0002758,0.0000631,3,0
3508,مجمع بن يزيد حدثاه,1,0,1,0.000000,0.0001009,0.0000631,3,0
3509,ابو هريرة ياثر,1,0,1,0.000000,0.0000852,0.0000631,7,0
3510,الربيع بنت معوذ ابن عفراء,1,0,1,0.000000,0.0000967,0.0000631,6,0
3511,علي بن عبد الله بن ابراهيم,1,1,0,0.000000,0.0000778,0.0001454,2,0
3512,عبد الله بن عروة,1,1,1,0.000000,0.0000892,0.0000705,3,0
3513,علي بن حجر,3,2,0,0.000000,0.0000778,0.0001322,3,0
3514,اقول,1,0,2,0.000000,0.0002862,0.0000631,0,0
3515,امه ⟨عروة بن الزبير⟩,1,0,1,0.000000,0.0000916,0.0000631,1,1
3516,ابيه ⟨عباس بن سهل⟩,1,0,1,0.000000,0.0001243,0.0000631,9,1
3517,الحسين بن الوليد النيسابوري,1,1,0,0.000000,0.0000778,0.0000817,4,0
3518,ابيه ⟨عباس بن سهل بن سعد⟩,1,0,1,0.000000,0.0001485,0.0000631,9,1
3519,ابي غلاب يونس بن جبير,1,0,1,0.000000,0.0000918,0.0000631,0,0
3520,ازهر بن جميل,1,1,0,0.000000,0.0000778,0.0000853,0,0
3521,ابن ابي تميمة,1,1,0,0.000000,0.0000778,0.0000678,2,0
3522,محمد بن عبد الله بن المبارك المخرمي,1,1,0,0.000000,0.0000778,0.0001355,0,0
3523,لي اسماعيل,1,1,0,0.000000,0.0000778,0.0000879,8,0
3524,واشار,1,0,1,0.000000,0.0004619,0.0000631,4,0
3525,ابيه ⟨عبيد الله بن عبد الله⟩,1,0,1,0.000000,0.0000892,0.0000631,1,1
3526,سمعه يذكر,1,0,1,0.000000,0.0001009,0.0000631,3,0
3527,ابن عمر بن الخطاب,1,0,1,0.000000,0.0000912,0.0000631,11,0
3528,يونس بن جبير,1,0,1,0.000000,0.0001047,0.0000631,7,0
3529,زينب ابنة ام سلمة تحدث,1,1,0,0.000000,0.0000778,0.0000822,3,0
3530,ام حبيبة ابنة ابي سفيان,1,0,1,0.000000,0.0001016,0.0000631,3,0
3531,لي الثوري,1,0,1,0.000000,0.0001510,0.0000631,4,0
3532,هند بنت عتبة,1,0,1,0.000000,0.0004984,0.0000631,3,0
3533,ام سلمة قلت,1,0,1,0.000000,0.0000985,0.0000631,3,0
3534,ام حبيبة زوج النبي,1,0,1,0.000000,0.0000985,0.0000631,3,0
3535,عميرا مولي ابن عباس,1,0,1,0.000000,0.0000852,0.0000631,7,0
3536,ابيه ⟨سعيد بن عبد الرحمن بن ابزي⟩,1,0,1,0.000000,0.0001596,0.0000631,5,1
3537,شهدت عمر,1,0,1,0.000000,0.0000995,0.0000631,4,0
3538,عمار,1,0,1,0.000000,0.0001946,0.0000631,5,0
3539,عمران بن حصين الخزاعي,1,0,1,0.000000,0.0001094,0.0000631,0,0
3540,عمر بن ابي سلمة,5,0,5,0.000000,0.0001953,0.0000631,3,0
3541,هو ابن ام سلمة زوج النبي,1,0,1,0.000000,0.0001421,0.0000631,13,0
3542,علي هو الاسكاف,1,1,1,0.000000,0.0000958,0.0000740,0,0
3543,اباه عمرو بن امية,2,0,1,0.000000,0.0001318,0.0000631,1,0
3544,ابيه ⟨جعفر بن عمرو بن امية الضمري⟩,1,0,1,0.000000,0.0001937,0.0000631,1,1
3545,عبد الله بن جعفر بن ابي طالب,1,0,1,0.000000,0.0000853,0.0000631,1,0
3546,الجداد,1,0,2,0.000000,0.0014154,0.0000631,2,0
3547,جمعة بن عبد الله,1,1,0,0.000000,0.0000778,0.0000743,1,0
3548,سنان ابي ربيعة,1,1,1,0.000000,0.0002066,0.0000722,0,0
3549,قيل لانس,1,0,1,0.000000,0.0000842,0.0000631,0,0
3550,سويد,1,0,1,0.000000,0.0001161,0.0000631,6,0
3551,ابي امامة,2,0,1,0.000000,0.0001594,0.0000631,7,0
3552,ابو مسعود الانصاري,1,0,1,0.000000,0.0000922,0.0000631,4,0
3553,سلمان بن عامر,1,0,1,0.000000,0.0000860,0.0000631,0,0
3554,احد,1,2,0,0.000000,0.0000778,0.0000925,0,0
3555,سلمان بن عامر الضبي,1,0,1,0.000000,0.0001047,0.0000631,7,0
3556,ابا ثعلبة الخشني,1,0,1,0.000000,0.0001214,0.0000631,10,0
3557,ابو ثعلبة الخشني,1,0,1,0.000000,0.0001383,0.0000631,6,0
3558,جده ⟨عباية بن رفاعة بن رافع⟩,1,0,1,0.000000,0.0001640,0.0000631,6,1
3559,جندب بن سفيان البجلي,2,0,1,0.000000,0.0001021,0.0000631,5,0
3560,رجل من بني سلمة اخبر عبد الله,1,0,1,0.000000,0.0000912,0.0000631,11,0
3561,جده ⟨عباية بن رافع⟩,1,0,1,0.000000,0.0001640,0.0000631,6,1
3562,ابيه ⟨ابن لكعب بن مالك⟩,1,0,1,0.000000,0.0001552,0.0000631,11,1
3563,معاذ بن سعد,1,0,1,0.000000,0.0001552,0.0000631,11,0
3564,البراء وابن ابي اوفي,1,0,1,0.000000,0.0000950,0.0000631,5,0
3565,ابا ثعلبة,1,0,1,0.000000,0.0001488,0.0000631,6,0
3566,عمرو قلت لجابر بن زيد يزعمون,1,0,1,0.000000,0.0000866,0.0000631,4,0
3567,ابي ثعلبة,1,0,1,0.000000,0.0001097,0.0000631,1,0
3568,خطاب بن عثمان,1,1,0,0.000000,0.0000778,0.0001555,6,0
3569,عقبة بن عامر الجهني,1,0,1,0.000000,0.0001487,0.0000631,6,0
3570,اخي ⟨اسماعيل بن عبدالله⟩,1,1,1,0.000000,0.0000998,0.0000788,5,1
3571,ابو عبيد مولي ابن ازهر,1,0,1,0.000000,0.0000907,0.0000631,1,0
3572,ابوعبيد,2,0,0,0.000000,0.0000778,0.0000631,23,0
3573,سهلا,2,0,2,0.000000,0.0001123,0.0000631,13,0
3574,ابي عياض,1,1,1,0.000000,0.0001046,0.0001206,2,0
3575,ابراهيم قلت للاسود,1,0,1,0.000000,0.0000869,0.0000631,4,0
3576,ابي الجويرية,1,0,1,0.000000,0.0000866,0.0000631,4,0
3577,جابر بن عبدالله,2,0,2,0.000000,0.0001758,0.0000631,2,0
3578,ابو عاصم وابو نعيم,1,1,0,0.000000,0.0000778,0.0001041,0,0
3579,ابيه ⟨عبد الله بن كعب⟩,1,0,1,0.000000,0.0001058,0.0000631,1,1
3580,اباها,1,0,1,0.000000,0.0001823,0.0000631,2,0
3581,يحيي بن يحيي ابو زكرياء,1,1,0,0.000000,0.0000778,0.0000853,6,0
3582,ربيع بنت معوذ ابن عفراء,1,0,1,0.000000,0.0000967,0.0000631,6,0
3583,خالد بن سعد,1,0,1,0.000000,0.0000869,0.0000631,4,0
3584,كعب هو ابن عجرة,1,0,1,0.000000,0.0001041,0.0000631,5,0
3585,ام قيس,1,0,1,0.000000,0.0000897,0.0000631,11,0
3586,ام قيس بنت محصن الاسدية اسد خزيمة,1,0,1,0.000000,0.0000892,0.0000631,1,0
3587,كانت من المهاجرات الاول اللاتي بايعن النبي,1,0,1,0.000000,0.0000892,0.0000631,1,0
3588,هي اخت عكاشة,1,0,1,0.000000,0.0000892,0.0000631,1,0
3589,كانت من المهاجرات الاول اللاتي بايعن رسول الله,1,0,1,0.000000,0.0000892,0.0000631,1,0
3590,هي اخت عكاشة بن محصن,1,0,1,0.000000,0.0000892,0.0000631,1,0
3591,لي انس بن مالك,1,0,1,0.000000,0.0000984,0.0000631,0,0
3592,اخبرتنا,1,0,1,0.000000,0.0011491,0.0000631,1,0
3593,سيدان بن مضارب ابو محمد الباهلي,1,1,0,0.000000,0.0000778,0.0001802,2,0
3594,يحيي بن عروة بن الزبير,2,2,2,0.000000,0.0000998,0.0000788,1,0
3595,اول من,1,1,1,0.000000,0.0000861,0.0000967,2,0
3596,ابا هريرة بعد,1,0,1,0.000000,0.0000962,0.0000631,7,0
3597,ابي ⟨عامر بن سعد⟩,1,0,1,0.000000,0.0001116,0.0000631,1,1
3598,وزاد الليث,1,1,0,0.000000,0.0000778,0.0000852,1,0
3599,لي مسدد,1,1,0,0.000000,0.0000778,0.0000885,0,0
3600,شعبة فقلت اعن النبي,1,0,1,0.000000,0.0002660,0.0000631,0,0
3601,ابن الزبير يخطب,1,0,1,0.000000,0.0000917,0.0000631,0,0
3602,ابن عازب,1,0,1,0.000000,0.0001062,0.0000631,5,0
3603,سعيد ابي مسلمة,1,0,1,0.000000,0.0000831,0.0000631,0,0
3604,اباه مخرمة,1,0,1,0.000000,0.0001227,0.0000631,2,0
3605,ام سلمة اخبرتها,1,0,1,0.000000,0.0000985,0.0000631,3,0
3606,ابي هريرة رواية,3,0,2,0.000000,0.0001083,0.0000631,7,0
3607,عثمان بن عبد الله بن موهب,2,0,2,0.000000,0.0001626,0.0000631,9,0
3608,رجل,1,1,1,0.000000,0.0002660,0.0000657,0,0
3609,ابو هلال,1,1,0,0.000000,0.0000778,0.0000740,0,0
3610,ابو الوليد وعبد الله بن رجاء,1,1,0,0.000000,0.0000778,0.0000881,5,0
3611,ابن ابي شيبة,1,1,0,0.000000,0.0000778,0.0000888,6,0
3612,ابن بشار,4,3,0,0.000000,0.0000778,0.0001560,4,0
3613,من ام يعقوب,1,1,1,0.000000,0.0001068,0.0000756,4,0
3614,ابي طلحة صاحب رسول الله,1,0,1,0.000000,0.0003671,0.0000631,11,0
3615,دار عبد الله,2,0,3,0.000000,0.0004210,0.0000631,16,0
3616,ابي اخبرتني اسماء ابنة ابي بكر,1,0,1,0.000000,0.0000892,0.0000631,3,0
3617,رفعه حسن,1,0,1,0.000000,0.0001964,0.0000631,2,0
3618,ابو قتادة,2,0,2,0.000000,0.0001696,0.0000631,7,0
3619,ابي سليمان مالك بن الحويرث,1,0,1,0.000000,0.0000937,0.0000631,0,0
3620,ابي شريح,1,0,1,0.000000,0.0000986,0.0000631,0,0
3621,ابصرت عيناي,1,0,1,0.000000,0.0001328,0.0000631,7,0
3622,اذناي,2,0,2,0.000000,0.0001701,0.0000631,7,0
3623,سليمان بن صرد رجلا من اصحاب النبي,1,0,1,0.000000,0.0000875,0.0000631,5,0
3624,ابي اسيد الساعدي,1,0,1,0.000000,0.0000962,0.0000631,7,0
3625,ابيه ⟨المقبري⟩,1,1,1,0.000000,0.0000971,0.0000657,7,1
3626,ابيه ⟨محمد بن سعد⟩,1,0,1,0.000000,0.0001595,0.0000631,1,1
3627,محمد بن عبادة,2,1,0,0.000000,0.0000778,0.0000922,1,0
3628,ابي شريح الكعبي,1,0,1,0.000000,0.0001000,0.0000631,7,0
3629,سهل بن ابي حثمة انهما حدثاه,1,0,1,0.000000,0.0001137,0.0000631,6,0
3630,استاذن حسان بن ثابت,1,0,1,0.000000,0.0004984,0.0000631,3,0
3631,ابا هريرة في قصصه يذكر,1,0,1,0.000000,0.0001186,0.0000631,1,0
3632,حسان بن ثابت الانصاري يستشهد ابا هريرة,1,0,1,0.000000,0.0001516,0.0000631,1,0
3633,عبد الرحمن بن ابراهيم,1,1,0,0.000000,0.0000778,0.0001092,6,0
3634,ابيه ⟨ابي امامة بن سهل⟩,1,0,1,0.000000,0.0001037,0.0000631,1,1
3635,سعيد بن المسيب فحدثني,1,0,1,0.000000,0.0002578,0.0000631,10,0
3636,كانت,1,0,1,0.000000,0.0002066,0.0000631,0,0
3637,ما سماه ابو,1,0,1,0.000000,0.0002548,0.0000631,13,0
3638,يدعي بها,1,0,1,0.000000,0.0002548,0.0000631,13,0
3639,عباس بن عبد المطلب,1,0,1,0.000000,0.0001213,0.0000631,9,0
3640,عايشة سال اناس رسول الله,1,0,1,0.000000,0.0000927,0.0000631,3,0
3641,يحيي بن عروة,1,1,1,0.000000,0.0000869,0.0000705,3,0
3642,صفية بنت حيي زوج النبي,1,0,1,0.000000,0.0001240,0.0000631,1,0
3643,يوسف بن بهلول,1,1,0,0.000000,0.0000778,0.0001186,8,0
3644,والله ابو ذر بالربذة,1,0,1,0.000000,0.0001038,0.0000631,4,0
3645,الحسن بن عمر,2,2,0,0.000000,0.0000778,0.0001030,0,0
3646,محمد بن ابي غالب,2,2,0,0.000000,0.0000778,0.0002134,11,0
3647,انس بن مالك اسر,1,0,1,0.000000,0.0001207,0.0000631,0,0
3648,كان ابو ذر,1,0,1,0.000000,0.0002660,0.0000631,0,0
3649,مطرف ابو مصعب,1,1,0,0.000000,0.0000778,0.0000925,2,0
3650,مغيرة بن شعبة,1,0,1,0.000000,0.0001007,0.0000631,3,0
3651,ابو مسلمة سعيد بن يزيد الازدي,1,0,1,0.000000,0.0000851,0.0000631,5,0
3652,ابا هريرة وابا سعيد حدثاه,1,0,1,0.000000,0.0000888,0.0000631,1,0
3653,ابا هريرة وابا سعيد اخبراه,1,0,1,0.000000,0.0000888,0.0000631,1,0
3654,هو من اصحاب رسول الله ممن شهد بدرا من الانصار,1,0,1,0.000000,0.0000988,0.0000631,1,0
3655,ابي قتادة السلمي,1,0,1,0.000000,0.0001214,0.0000631,8,0
3656,عبيد الله الخولاني,1,0,1,0.000000,0.0001209,0.0000631,4,0
3657,ابيه ⟨ابا بردة⟩,1,0,1,0.000000,0.0002075,0.0000631,9,1
3658,حسان بن ثابت الانصاري,1,0,1,0.000000,0.0001217,0.0000631,1,0
3659,زاد ابراهيم بن المنذر,1,1,0,0.000000,0.0000778,0.0000854,1,0
3660,ابي ⟨عون بن ابي جحيفة⟩,2,0,1,0.000000,0.0001243,0.0000631,5,1
3661,ابي قتادة الانصاري,1,0,1,0.000000,0.0001214,0.0000631,8,0
3662,اخبرتني خالتي ميمونة بنت الحارث,1,0,1,0.000000,0.0001724,0.0000631,9,0
3663,احمد بن اسحاق السرماري,1,1,0,0.000000,0.0000778,0.0002406,5,0
3664,شداد بن اوس,2,0,2,0.000000,0.0002632,0.0000631,0,0
3665,عبد الله حديثين,1,0,1,0.000000,0.0000992,0.0000631,4,0
3666,ابي عقيل,1,0,1,0.000000,0.0000983,0.0000631,14,0
3667,ابو حميد الساعدي انهم,1,0,1,0.000000,0.0001214,0.0000631,8,0
3668,من النبي غيرها,1,0,1,0.000000,0.0004326,0.0000631,10,0
3669,ابيه ⟨مصعب⟩,1,0,1,0.000000,0.0001714,0.0000631,9,1
3670,خالته,1,0,1,0.000000,0.0000874,0.0000631,3,0
3671,ابو زيد سعيد بن الربيع,1,1,0,0.000000,0.0000778,0.0000881,5,0
3672,مطرف بن عبد الله ابو مصعب,1,1,0,0.000000,0.0000778,0.0001283,2,0
3673,ابيه ⟨مصعب بن سعد بن ابي وقاص⟩,1,0,1,0.000000,0.0001562,0.0000631,9,1
3674,ابراهيم بن منذر,1,1,0,0.000000,0.0000778,0.0000767,11,0
3675,ابيه ⟨ابن ابي موسي⟩,1,0,1,0.000000,0.0001605,0.0000631,5,1
3676,ابن ابان,1,0,1,0.000000,0.0002040,0.0000631,6,0
3677,مرداس الاسلمي,1,0,1,0.000000,0.0001048,0.0000631,8,0
3678,ابي ⟨انس⟩,1,0,1,0.000000,0.0002066,0.0000631,0,1
3679,لنا ابو الوليد,1,1,0,0.000000,0.0000778,0.0001244,0,0
3680,ابو ذر,1,0,1,0.000000,0.0001038,0.0000631,4,0
3681,عدنا خبابا,1,0,1,0.000000,0.0001055,0.0000631,5,0
3682,ابو نعيم بنحو من نصف,1,1,0,0.000000,0.0000778,0.0001097,4,0
3683,اسحاق بن ابراهيم بن عبد الرحمن,1,1,0,0.000000,0.0000778,0.0001952,10,0
3684,وعاه قلبي,1,0,1,0.000000,0.0001151,0.0000631,7,0
3685,النبي غيره فدنوت منه فسمعته,1,0,2,0.000000,0.0007000,0.0000631,5,0
3686,محمد بن عثمان,2,1,0,0.000000,0.0000778,0.0005909,5,0
3687,عبد الله بن محمد هو الجعفي,1,1,0,0.000000,0.0000778,0.0000907,3,0
3688,عايشة كانت,1,0,1,0.000000,0.0001867,0.0000631,2,0
3689,القاسم بن محمد بن ابي بكر,1,1,1,0.000000,0.0001154,0.0000679,3,0
3690,ابو حازم فحدثت,1,1,0,0.000000,0.0000778,0.0001282,1,0
3691,ابي فحدثت النعمان بن ابي عياش,1,0,0,0.000000,0.0000778,0.0000631,24,0
3692,ام حارثة,1,0,1,0.000000,0.0002066,0.0000631,0,0
3693,العباس,1,0,1,0.000000,0.0001213,0.0000631,9,0
3694,عطاء وابو سعيد الخدري,1,1,0,0.000000,0.0000778,0.0000765,1,0
3695,ابو حازم فسمعني النعمان بن ابي عياش,2,1,0,0.000000,0.0000778,0.0001127,19,0
3696,احمد بن شبيب بن سعيد الحبطي,1,1,0,0.000000,0.0000778,0.0001356,1,0
3697,اصحاب النبي,1,0,1,0.000000,0.0010856,0.0000631,0,0
3698,حارثة,1,0,1,0.000000,0.0000938,0.0000631,5,0
3699,وزاد ابن ابي عدي,1,1,0,0.000000,0.0000778,0.0000881,5,0
3700,ابو النعمان محمد بن الفضل,2,2,0,0.000000,0.0000778,0.0001030,0,0
3701,عبد الرحمن بن سمرة,4,0,1,0.000000,0.0003088,0.0000631,0,0
3702,اهدي,1,0,1,0.000000,0.0004730,0.0000631,5,0
3703,حديث عايشة زوج النبي,2,0,5,0.000000,0.0002274,0.0000631,1,0
3704,ابي هريرة يرفعه,1,0,1,0.000000,0.0001029,0.0000631,0,0
3705,سودة زوج النبي,1,0,1,0.000000,0.0003334,0.0000631,2,0
3706,لا ياتي عليه,1,0,1,0.000000,0.0002584,0.0000631,11,0
3707,منذر بن الوليد الجارودي,1,2,0,0.000000,0.0000778,0.0001740,6,0
3708,هزيل بن شرحبيل,1,0,1,0.000000,0.0001501,0.0000631,5,0
3709,عبد الله بن عثمان,2,1,0,0.000000,0.0000778,0.0000881,4,0
3710,عايشة حدثتهم,1,0,1,0.000000,0.0000955,0.0000631,3,0
3711,محمد بن الصلت ابو يعلي,1,1,0,0.000000,0.0000778,0.0001092,6,0
3712,داود بن شبيب,1,1,0,0.000000,0.0000778,0.0000775,0,0
3713,من النبي,1,0,1,0.000000,0.0002537,0.0000631,0,0
3714,عبد القدوس بن محمد,1,1,0,0.000000,0.0000778,0.0001308,0,0
3715,حفظناه من في الزهري,1,1,1,0.000000,0.0000866,0.0000754,11,0
3716,رجلين اختصما,1,0,2,0.000000,0.0012019,0.0000631,7,0
3717,عبد الرحمن بن جابر عمن,1,0,1,0.000000,0.0001519,0.0000631,0,0
3718,وكان شهد بدرا مع النبي,1,0,1,0.000000,0.0001735,0.0000631,1,0
3719,اسامة بن زيد بن حارثة,1,0,1,0.000000,0.0001238,0.0000631,9,0
3720,جده ⟨هشام بن زيد بن انس⟩,1,0,1,0.000000,0.0001241,0.0000631,0,1
3721,لي ابن بشار,1,1,0,0.000000,0.0000778,0.0000837,6,0
3722,ابو قلابة,1,0,1,0.000000,0.0002480,0.0000631,18,0
3723,يسير بن عمرو,1,0,1,0.000000,0.0001115,0.0000631,9,0
3724,المسور بن مخرمة وعبد الرحمن بن عبد القاري اخبراه,1,0,1,0.000000,0.0000916,0.0000631,1,0
3725,ابي عمرو هو ذكوان,1,1,1,0.000000,0.0001029,0.0000679,2,0
3726,حسين بن منصور,1,1,0,0.000000,0.0000778,0.0001327,9,0
3727,عطاء ابو الحسن السوايي,1,1,1,0.000000,0.0001115,0.0000659,9,0
3728,لا اظنه الا ذكره,1,1,1,0.000000,0.0001115,0.0000659,9,0
3729,صفية ابنة ابي عبيد,1,0,1,0.000000,0.0000912,0.0000631,11,0
3730,لقد,1,1,0,0.000000,0.0000778,0.0000679,3,0
3731,عبد الله بن عمر انهما حدثاه,1,0,2,0.000000,0.0011746,0.0000631,7,0
3732,ابي ذر الغفاري,1,0,1,0.000000,0.0001038,0.0000631,4,0
3733,ابي برزة,2,0,1,0.000000,0.0001497,0.0000631,2,0
3734,ابي المليح,1,0,1,0.000000,0.0000937,0.0000631,0,0
3735,ابومعمر هو عبد الله بن عمرو,1,1,0,0.000000,0.0000778,0.0000825,0,0
3736,محمد بن عمرو هو ابن الحسن بن علي,1,0,1,0.000000,0.0000893,0.0000631,5,0
3737,عبد الرحيم المحاربي,1,1,0,0.000000,0.0000778,0.0000839,3,0
3738,ابيه ⟨ابي بكر بن ابي موسي⟩,1,0,1,0.000000,0.0001807,0.0000631,5,1
3739,حسن بن صباح,1,1,0,0.000000,0.0000778,0.0001334,0,0
3740,ابا المليح,1,0,1,0.000000,0.0000937,0.0000631,0,0
3741,ابو المنهال,1,0,1,0.000000,0.0000937,0.0000631,0,0
3742,عبد الله بن الصباح,2,2,0,0.000000,0.0000778,0.0001779,10,0
3743,عمر بن الخطاب يخطب,1,0,1,0.000000,0.0001111,0.0000631,1,0
3744,خالد بن خلي,1,1,0,0.000000,0.0000778,0.0001148,3,0
3745,ابا قتادة الانصاري,1,0,1,0.000000,0.0000962,0.0000631,7,0
3746,فرسانه,1,0,1,0.000000,0.0000962,0.0000631,7,0
3747,عبد الله بن سلام,1,0,1,0.000000,0.0001400,0.0000631,0,0
3748,مومل بن هشام ابو هشام,1,1,0,0.000000,0.0000778,0.0000889,0,0
3749,انا احدثهم,1,1,0,0.000000,0.0000778,0.0001127,19,0
3750,وانا اشهد علي ابي سعيد الخدري لسمعته يزيد,1,0,1,0.000000,0.0002560,0.0000631,19,0
3751,جدي ⟨عمرو بن يحيي بن سعيد بن عمرو بن سعيد⟩,1,0,1,0.000000,0.0001455,0.0000631,9,1
3752,احسبه,1,0,1,0.000000,0.0000930,0.0000631,4,0
3753,الاشعري,1,0,1,0.000000,0.0000930,0.0000631,4,0
3754,الزبير بن عدي,1,0,1,0.000000,0.0000866,0.0000631,4,0
3755,رجل اخر هو افضل في نفسي من عبد الرحمن بن ابي بكرة,1,1,1,0.000000,0.0033372,0.0000680,0,0
3756,جده ⟨ابا زرعة بن عمرو بن جرير⟩,1,0,1,0.000000,0.0001302,0.0000631,5,1
3757,عباس النرسي,1,1,0,0.000000,0.0000778,0.0000839,0,0
3758,ابو مريم عبد الله بن زياد الاسدي,1,0,1,0.000000,0.0001151,0.0000631,7,0
3759,عبد الله بن سعيد الكندي,1,1,0,0.000000,0.0000778,0.0001273,11,0
3760,لي المغيرة بن شعبة,1,0,1,0.000000,0.0000859,0.0000631,8,0
3761,ابن عمر اراه,1,0,1,0.000000,0.0000912,0.0000631,11,0
3762,زينب ابنة جحش,1,0,1,0.000000,0.0001284,0.0000631,3,0
3763,ابن عباس يرويه,1,0,1,0.000000,0.0001094,0.0000631,0,0
3764,من رسول الله,1,0,1,0.000000,0.0001927,0.0000631,0,0
3765,اتينا معقل بن يسار نعوده فدخل عبيد الله,1,0,1,0.000000,0.0001356,0.0000631,0,0
3766,طريف ابي تميمة,1,0,1,0.000000,0.0000995,0.0000631,0,0
3767,محمد بن خالد الذهلي,1,1,0,0.000000,0.0000778,0.0001713,0,0
3768,عبد الله بن السعدي,1,0,1,0.000000,0.0002092,0.0000631,1,0
3769,سهل اخي بني ساعدة,1,0,1,0.000000,0.0000869,0.0000631,1,0
3770,ابن شهاب فاخبرني من,1,1,0,0.000000,0.0000778,0.0000648,2,0
3771,ابي ⟨سعيد بن ابي بردة⟩,1,0,1,0.000000,0.0000967,0.0000631,5,1
3772,امها ⟨زينب بنت ابي سلمة⟩,1,0,1,0.000000,0.0001119,0.0000631,3,1
3773,بلغ,1,0,1,0.000000,0.0004575,0.0000631,2,0
3774,محمد بن عبيد الله ابو ثابت,1,1,0,0.000000,0.0000778,0.0000820,1,0
3775,ابي ليلي,1,0,1,0.000000,0.0000805,0.0000631,8,0
3776,حسن بن الربيع,1,1,0,0.000000,0.0000778,0.0000995,6,0
3777,زيد بن خالد اخبراه,1,0,1,0.000000,0.0000892,0.0000631,1,0
3778,لي الشعبي,1,0,1,0.000000,0.0001501,0.0000631,5,0
3779,ابا برزة,1,0,1,0.000000,0.0002018,0.0000631,0,0
3780,ابي ⟨ابراهيم التيمي⟩,1,0,1,0.000000,0.0000920,0.0000631,4,1
3781,كان محمد بن جبير بن مطعم ذكر لي ذكرا من,1,0,1,0.000000,0.0000869,0.0000631,1,0
3782,مالك بن اوس النصري,1,0,1,0.000000,0.0000869,0.0000631,1,0
3783,حج علينا عبد الله بن عمرو فسمعته,1,0,1,0.000000,0.0000927,0.0000631,3,0
3784,نعم فسمعت سهل بن حنيف,1,0,1,0.000000,0.0001542,0.0000631,4,0
3785,معاوية بن ابي سفيان يخطب,1,0,1,0.000000,0.0000922,0.0000631,0,0
3786,جابر بن عبد الله السلمي,2,0,2,0.000000,0.0001840,0.0000631,2,0
3787,ابا سعيد الخدري وابا هريرة حدثاه,1,0,1,0.000000,0.0000935,0.0000631,1,0
3788,حماد بن حميد,1,1,0,0.000000,0.0000778,0.0001206,5,0
3789,اباه جبير بن مطعم,1,0,1,0.000000,0.0001101,0.0000631,1,0
3790,عبيد الله بن سعد بن ابراهيم,3,3,0,0.000000,0.0000778,0.0003362,1,0
3791,جابر بن عبد الله في اناس معه,1,0,1,0.000000,0.0000942,0.0000631,2,0
3792,رجلا,1,0,1,0.000000,0.0008679,0.0000631,8,0
3793,النبي ما احد اصبر علي اذي سمعه من الله,1,0,1,0.000000,0.0007898,0.0000631,0,0
3794,ابا بكر الصديق,1,0,1,0.000000,0.0004177,0.0000631,2,0
3795,عبد الله بن الحسن,1,1,1,0.000000,0.0000994,0.0000900,2,0
3796,ذكر,1,0,1,0.000000,0.0001068,0.0000631,4,0
3797,مقدم بن محمد,1,1,0,0.000000,0.0000778,0.0001005,11,0
3798,ابو بكر فتتبعت القران حتي,1,0,1,0.000000,0.0002880,0.0000631,14,0
3799,جدت اخر سورة التوبة مع ابي خزيمة الانصاري لم اجدها مع احد,1,0,1,0.000000,0.0002880,0.0000631,14,0
3800,كان ابن,1,0,1,0.000000,0.0006554,0.0000631,0,0
3801,وقف,1,0,1,0.000000,0.0003334,0.0000631,2,0
3802,عبد الله المسندي,1,1,0,0.000000,0.0000778,0.0000761,3,0
3803,اسحاق بن ابي عيسي,1,1,0,0.000000,0.0000778,0.0000931,6,0
3804,حاصر,1,0,1,0.000000,0.0004159,0.0000631,11,0
3805,معبد بن هلال العنزي,1,0,1,0.000000,0.0000844,0.0000631,0,0
3806,ابن مالك,1,0,1,0.000000,0.0001012,0.0000631,0,0
3807,ابو سفيان بن حرب,1,0,1,0.000000,0.0003334,0.0000631,2,0
3808,لي خليفة بن خياط,1,1,0,0.000000,0.0000778,0.0000885,0,0
3809,ابو جمرة الضبعي قلت,1,0,1,0.000000,0.0001169,0.0000631,6,0
